,github_user_cleaned_url,readme_path,author_date,added_headings,deleted_headings,added_cites
0,JZhao12/CVML-Pose,README.md,2023-02-10 01:03:13+00:00,['CVML-Pose'],[],[]
0,JZhao12/CVML-Pose,README.md,2023-02-10 01:06:21+00:00,"['CVML-Pose: Convolutional VAE based Multi-Level Network for Object 3D Pose Estimation', '1. Usage', '1.1 Data', '1.2 CVML-Pose environment', '1.3 Data preprocessing', '1.4 Train CVML-Pose', '1.5 Evaluation', '1.6 Real-time pose estimation', '2. License', '3. Citation', '4. Commercial use', '5. Acknowledgements', '6. Additional information']",['CVML-Pose'],[]
0,JZhao12/CVML-Pose,README.md,2023-02-10 01:43:59+00:00,['1.1 Download data'],['1.1 Data'],[]
0,JZhao12/CVML-Pose,README.md,2023-02-16 16:50:41+00:00,"['3. Commercial use', '4. Acknowledgements', '5. Additional information']","['3. Citation', '4. Commercial use', '5. Acknowledgements', '6. Additional information']",[]
0,JZhao12/CVML-Pose,README.md,2023-04-17 01:08:40+01:00,[],[],"['@article{zhao2023cvml,']"
1,CVML-UCLan/FCBFormer,README.md,2022-08-08 17:07:29+01:00,['FCBFormer'],[],[]
1,CVML-UCLan/FCBFormer,README.md,2022-08-08 18:14:44+01:00,"['1. Overview', '1.1 Abstract', '1.2 Architecture', 'Qualitative results']",[],[]
1,CVML-UCLan/FCBFormer,README.md,2022-08-08 18:17:22+01:00,['1.3 Qualitative results'],['Qualitative results'],[]
1,CVML-UCLan/FCBFormer,README.md,2022-08-10 19:45:29+01:00,[],"['1. Overview', '1.1 Abstract', '1.2 Architecture', '1.3 Qualitative results']",[]
2,eprintsug/loginViaOrcid,README.md,2016-08-23 18:36:27+01:00,['loginViaOrcid'],[],[]
3,eprintsug/orcidt2,README.md,,,,
5,SamirNepal/Li_CNN_2022,README.md,2022-12-26 13:56:40+01:00,['Lithium_CNN'],[],[]
5,SamirNepal/Li_CNN_2022,README.md,2022-12-26 14:09:56+01:00,['Machine learning with CNN to measure Lithium from spectra.'],['Lithium_CNN'],[]
6,jlillo/tpfplotter,README.md,2020-02-02 22:04:09+01:00,['tpfplotter'],[],[]
6,jlillo/tpfplotter,README.md,2020-02-02 22:30:55+01:00,"['Purpose', 'Installation & Requirenments', 'Usage', 'Papers using tpfplotter', 'Credits']",[],[]
6,jlillo/tpfplotter,README.md,2020-02-02 23:01:45+01:00,[],['Purpose'],[]
6,jlillo/tpfplotter,README.md,2020-03-29 13:16:30+02:00,['Contributors'],[],[]
7,brunomozza/IoTSecurityOntology,README.md,2015-06-20 19:19:53+01:00,['Introduction'],[],[]
8,Katerina-Pap/MA-cont-shiny-app,README.md,2021-03-09 17:35:04+01:00,['MA-cont-shiny-app'],[],[]
8,Katerina-Pap/MA-cont-shiny-app,README.md,2021-03-27 21:02:17+01:00,['MA-cont-shiny-app (in development)'],['MA-cont-shiny-app'],[]
8,Katerina-Pap/MA-cont-shiny-app,README.md,2021-03-30 10:43:06+02:00,['MA-cont-shiny-app: https://katerina-pap.shinyapps.io/MA-cont-prepostES/'],['MA-cont-shiny-app (in development)'],[]
8,Katerina-Pap/MA-cont-shiny-app,README.md,2021-03-30 10:43:25+02:00,['MA-cont-shiny-app'],['MA-cont-shiny-app: https://katerina-pap.shinyapps.io/MA-cont-prepostES/'],[]
8,Katerina-Pap/MA-cont-shiny-app,README.md,2021-03-31 15:16:39+02:00,['MA-cont:prepostES shiny app'],['MA-cont-shiny-app'],[]
8,Katerina-Pap/MA-cont-shiny-app,README.md,2022-05-05 13:56:48+02:00,['MA-cont:prepostES'],['MA-cont:prepostES shiny app'],[]
9,survival-lumc/ValidationCompRisks,README.md,2021-03-04 14:13:53+01:00,['External validation of the performance of competing risks prediction models: a guide through modern methods'],[],[]
9,survival-lumc/ValidationCompRisks,README.md,2021-04-02 11:57:54+02:00,"['Usage', 'Contributions']",[],[]
9,survival-lumc/ValidationCompRisks,README.md,2021-11-02 08:27:06+01:00,['Validation of prediction models in presence of competing risks: a guide through modern methods'],['External validation of the performance of competing risks prediction models: a guide through modern methods'],[]
10,lucaborsato/trades,README.md,2016-01-08 19:37:41+01:00,"['TRADES', 'TRADES user guide', 'Introduction', 'Install and Compile', 'How to run TRADES', 'Files needed by TRADES', 'Output files by TRADES']",[],[]
10,lucaborsato/trades,README.md,2016-04-19 11:33:43+02:00,"['Changes/Log', '`TRADES 2.6.0`']",[],[]
10,lucaborsato/trades,README.md,2016-07-27 12:39:15+02:00,['`TRADES 2.7.0`'],[],[]
10,lucaborsato/trades,README.md,2016-09-07 14:38:20+02:00,"['Python Library', '`TRADES 2.8.0`']",[],[]
10,lucaborsato/trades,README.md,2016-10-07 11:51:52+02:00,['`TRADES 2.9.0`'],[],[]
10,lucaborsato/trades,README.md,2016-10-13 09:56:46+02:00,['`TRADES 2.9.1`'],[],[]
10,lucaborsato/trades,README.md,2016-11-16 17:56:30+01:00,['`TRADES 2.10.0`'],[],[]
10,lucaborsato/trades,README.md,2016-11-29 16:33:43+01:00,['`TRADES 2.10.1`'],[],[]
10,lucaborsato/trades,README.md,2017-02-09 17:07:04+01:00,['`TRADES 2.11.1`'],[],[]
10,lucaborsato/trades,README.md,2017-02-14 13:12:27+01:00,['`TRADES 2.12.1`'],[],[]
10,lucaborsato/trades,README.md,2017-02-15 17:53:00+01:00,['`TRADES 2.13.2`'],[],[]
10,lucaborsato/trades,README.md,2017-04-10 10:46:48+02:00,['`TRADES 2.13.3`'],[],[]
10,lucaborsato/trades,README.md,2017-04-27 10:30:55+02:00,['`TRADES 2.13.4`'],[],[]
10,lucaborsato/trades,README.md,2017-05-11 11:34:52+02:00,['`TRADES 2.13.5`'],[],[]
10,lucaborsato/trades,README.md,2017-09-18 09:59:30+02:00,['`TRADES 2.13.6`'],[],[]
10,lucaborsato/trades,README.md,2017-11-28 16:44:29+01:00,"['`TRADES 2.14.1`', '`TRADES 2.14`']",[],[]
10,lucaborsato/trades,README.md,2018-06-20 11:27:53+02:00,['`TRADES 2.15.0`'],[],[]
10,lucaborsato/trades,README.md,2019-08-13 23:32:28+02:00,['`TRADES 2.15.1`'],[],[]
10,lucaborsato/trades,README.md,2019-08-14 15:28:37+02:00,['`TRADES 2.15.2`'],[],[]
10,lucaborsato/trades,README.md,2020-01-17 13:22:08+01:00,"['Introduction {#intro}', 'Install and Compile {#install_compile}', 'How to run TRADES {#run_trades}', 'Files needed by TRADES {#in_files}', 'Output files by TRADES {#out_files}', 'Python Library {#pylib}', '`TRADES 2.16.0`', '`TRADES 2.15.2`']","['Introduction', 'Install and Compile', 'How to run TRADES', 'Files needed by TRADES', 'Output files by TRADES', 'Python Library', '`TRADES 2.15.2`']",[]
10,lucaborsato/trades,README.md,2022-03-09 12:54:47+01:00,"['`TRADES 2.17.1`', '`TRADES 2.17.0`', '`TRADES 2.15.1`', '`TRADES 2.15.0`', '`TRADES 2.14.1`', '`TRADES 2.14`']","['`TRADES 2.15.1`', '`TRADES 2.15.0`', '`TRADES 2.14.1`', '`TRADES 2.14`']",[]
10,lucaborsato/trades,README.md,2022-04-11 17:26:54+02:00,['`TRADES 2.18.0`'],[],[]
10,lucaborsato/trades,README.md,2023-02-13 16:52:29+01:00,['`TRADES 2.19.0`'],[],[]
10,lucaborsato/trades,README.md,2023-02-13 17:46:52+01:00,[],"['TRADES user guide', 'Introduction {#intro}', 'Install and Compile {#install_compile}', 'How to run TRADES {#run_trades}', 'Files needed by TRADES {#in_files}', 'Output files by TRADES {#out_files}', 'Python Library {#pylib}', 'Changes/Log', '`TRADES 2.19.0`', '`TRADES 2.18.0`', '`TRADES 2.17.1`', '`TRADES 2.17.0`', '`TRADES 2.16.0`', '`TRADES 2.15.2`', '`TRADES 2.15.1`', '`TRADES 2.15.0`', '`TRADES 2.14.1`', '`TRADES 2.14`', '`TRADES 2.13.6`', '`TRADES 2.13.5`', '`TRADES 2.13.4`', '`TRADES 2.13.3`', '`TRADES 2.13.2`', '`TRADES 2.12.1`', '`TRADES 2.11.1`', '`TRADES 2.10.1`', '`TRADES 2.10.0`', '`TRADES 2.9.1`', '`TRADES 2.9.0`', '`TRADES 2.8.0`', '`TRADES 2.7.0`', '`TRADES 2.6.0`']",[]
11,lphowell/Geothermal-Modelling,README.md,2020-05-19 10:48:32+01:00,['Geothermal-Modelling'],[],[]
12,epsilonlabs/emf-cbp,README.md,2016-10-20 14:10:54+01:00,['emf-cbp'],[],[]
13,s-goldman/Dusty-Evolved-Star-Kit,README.md,2020-10-05 13:36:45-04:00,[],[],"['<pre>@article{Goldman2020,', '  url = {https://doi.org/10.21105/joss.02554},']"
14,rOpenHealth/ClinicalCodes,README.md,,,,
15,sanket0707/GNN-Mixer,README.md,2023-03-21 01:05:23+00:00,['GNN_Mixer'],[],[]
15,sanket0707/GNN-Mixer,README.md,2023-03-21 01:11:58+00:00,"['GNN_Mixer', 'Let me submit the draft successfully then I will publish the codes.']",['GNN_Mixer'],[]
15,sanket0707/GNN-Mixer,README.md,2023-03-21 03:04:11+00:00,"['Asynchronous Events-based Panoptic Segmentation using Graph Mixer Neural Network', 'Cite the article:', 'Dataset repository:', 'Framework of GNN-Mixer', 'Results']","['GNN_Mixer', 'Let me submit the draft successfully then I will publish the codes.']",[]
15,sanket0707/GNN-Mixer,README.md,2023-03-21 03:20:47+00:00,['Requirements:'],[],[]
16,NabajeetBarman/GamingHDRVideoSET,README.md,2021-01-26 10:06:23+00:00,['GamingHDRVideoSET'],[],[]
16,NabajeetBarman/GamingHDRVideoSET,README.md,2021-01-26 10:08:49+00:00,"['GamingHDRVideoSET', '', '']",['GamingHDRVideoSET'],[]
16,NabajeetBarman/GamingHDRVideoSET,README.md,2021-01-26 10:09:44+00:00,"['Welcome to the GamingHDRVideoSET: A 10-bit, UHD-HDR Gaming Videos Dataset for Gaming Video Streaming Applications', 'Introduction', 'Download Link:']","['GamingHDRVideoSET', '', '']",[]
16,NabajeetBarman/GamingHDRVideoSET,README.md,2021-01-26 10:10:19+00:00,"['Welcome to the GamingHDRVideoSET: A 10-bit, UHD-HDR Gaming Videos Dataset for Gaming Video Streaming Applications']","['Welcome to the GamingHDRVideoSET: A 10-bit, UHD-HDR Gaming Videos Dataset for Gaming Video Streaming Applications']",[]
16,NabajeetBarman/GamingHDRVideoSET,README.md,2021-05-27 10:16:43+01:00,['YouTube'],[],[]
17,stootaghaj/DEMI,README.md,2020-08-20 19:12:29+02:00,"['DEMI', 'Deep Video Quality Estimation Model using Perceptual Video Quality Dimensions', 'How to Use', 'Output of the model', 'Important Note', 'Prepration', 'Citation', 'License', 'Contributers']",[],[]
17,stootaghaj/DEMI,README.md,2020-12-07 13:19:30+01:00,['Note: The model will be updated by end januart 2021.'],[],[]
17,stootaghaj/DEMI,README.md,2020-12-07 13:19:48+01:00,['Important Note: The model will be updated by end januart 2021.'],['Note: The model will be updated by end januart 2021.'],[]
17,stootaghaj/DEMI,README.md,2020-12-07 13:20:03+01:00,['Important Note: The model will be updated by end January 2021.'],['Important Note: The model will be updated by end januart 2021.'],[]
17,stootaghaj/DEMI,README.md,2021-07-02 00:02:18+02:00,['Important Note: The current version only predicts the Unlcearness and Fragmentation.'],['Important Note: The model will be updated by end January 2021.'],[]
18,ok1zjf/lbae,README.md,2020-06-05 23:03:29+01:00,['lbae'],[],[]
18,ok1zjf/lbae,README.md,2020-06-05 23:10:57+01:00,['LBAE: Latent Bernoulli Autoencoder'],['lbae'],[]
18,ok1zjf/lbae,README.md,2021-04-08 16:55:44+01:00,"['Latent Bernoulli Autoencoder (LBAE)', 'Development Environment', 'Dependencies', 'Python Packages', 'Third Party Code', 'Installation', 'Test Reconstruction', 'Test Random Images Generation', 'Test Interpolation', 'Test Attribute Change', 'Training', 'Full Evaluation', 'Cite']",['LBAE: Latent Bernoulli Autoencoder'],['function based on the [Higham’s 1988 paper](https://doi.org/10.1016/0024-3795(88)90223-6).']
20,cs-chan/Deep-Plant,README.md,2017-04-24 12:20:37+08:00,['Deep-Plant'],[],[]
20,cs-chan/Deep-Plant,README.md,2017-05-19 18:14:27+08:00,"['How Deep Learning Extracts and Learns Leaf Features for Plant Classification', 'Description', 'Citation', 'Dependency', 'Installation and Running', 'Feedback', 'Lisense']",['Deep-Plant'],[]
20,cs-chan/Deep-Plant,README.md,2017-05-19 18:15:07+08:00,[],"['How Deep Learning Extracts and Learns Leaf Features for Plant Classification', 'Description', 'Citation', 'Dependency', 'Installation and Running', 'Feedback', 'Lisense']",[]
20,cs-chan/Deep-Plant,README.md,2017-05-19 18:26:12+08:00,"['How Deep Learning Extracts and Learns Leaf Features for Plant Classification', 'Description', 'Citation', 'Dependency', 'Installation and Running', 'Feedback', 'Lisense']",[],[]
20,cs-chan/Deep-Plant,README.md,2017-05-19 23:05:15+08:00,[],[],"['@article{lee2017PR,']"
20,cs-chan/Deep-Plant,README.md,2017-05-24 15:04:44+08:00,[],[],"['@article{Lee20171,']"
20,cs-chan/Deep-Plant,README.md,2017-05-24 15:38:56+08:00,['How Deep Learning Extracts and Learns Leaf Features for Plant Classification [PDF](http://cs-chan.com/doc/PR2017.pdf)'],['How Deep Learning Extracts and Learns Leaf Features for Plant Classification'],[]
20,cs-chan/Deep-Plant,README.md,2017-05-24 15:39:19+08:00,['How Deep Learning Extracts and Learns Leaf Features for Plant Classification [(PDF)](http://cs-chan.com/doc/PR2017.pdf)'],['How Deep Learning Extracts and Learns Leaf Features for Plant Classification [PDF](http://cs-chan.com/doc/PR2017.pdf)'],[]
20,cs-chan/Deep-Plant,README.md,2017-05-24 15:41:36+08:00,['How Deep Learning Extracts and Learns Leaf Features for Plant Classification'],['How Deep Learning Extracts and Learns Leaf Features for Plant Classification [(PDF)](http://cs-chan.com/doc/PR2017.pdf)'],[]
20,cs-chan/Deep-Plant,README.md,2018-05-15 01:38:34+08:00,['Deep-Plant Code Release'],"['How Deep Learning Extracts and Learns Leaf Features for Plant Classification', 'Citation', 'Dependency', 'Installation and Running']",[]
20,cs-chan/Deep-Plant,README.md,2018-05-31 11:49:51+08:00,['License'],['Lisense'],[]
21,rii-mango/Papaya,README.md,2013-10-31 10:30:40-05:00,"['Development', 'Building', 'Usage']",[],[]
21,rii-mango/Papaya,README.md,2013-10-31 10:35:04-05:00,"['Basic usage (loads a blank viewer)', 'To specify multiple images and other options']",[],[]
21,rii-mango/Papaya,README.md,2013-10-31 10:36:45-05:00,['To automatically load images and specify other options'],['To specify multiple images and other options'],[]
21,rii-mango/Papaya,README.md,2014-07-03 10:38:50-05:00,['Running'],[],[]
21,rii-mango/Papaya,README.md,2015-06-23 14:50:23-05:00,['Supported DICOM Transfer Syntax'],[],[]
21,rii-mango/Papaya,README.md,2015-06-23 14:51:39-05:00,"['Supported Formats:', 'Supported DICOM Transfer Syntax']",['Supported DICOM Transfer Syntax'],[]
21,rii-mango/Papaya,README.md,2015-06-24 10:23:56-05:00,"['Demo', 'Documentation', 'Supported Formats']",['Supported Formats:'],[]
21,rii-mango/Papaya,README.md,2015-06-24 11:10:19-05:00,['Documentation'],['Documentation'],[]
21,rii-mango/Papaya,README.md,2015-06-25 16:06:46-05:00,[],['Running'],[]
21,rii-mango/Papaya,README.md,2015-06-25 16:13:52-05:00,[],['Documentation'],[]
21,rii-mango/Papaya,README.md,2016-03-18 16:14:12-05:00,"['[Building](https://github.com/rii-mango/Papaya/wiki/How-To-Build-Papaya)', '[Usage](https://github.com/rii-mango/Papaya/wiki/Usage) & [Configuration](https://github.com/rii-mango/Papaya/wiki/Configuration)']","['Supported DICOM Transfer Syntax', 'Building', 'Usage']",[]
21,rii-mango/Papaya,README.md,2016-03-18 16:15:47-05:00,['[Documentation](https://github.com/rii-mango/Papaya/wiki)'],[],[]
21,rii-mango/Papaya,README.md,2016-03-18 16:16:18-05:00,[],['Supported Formats'],[]
21,rii-mango/Papaya,README.md,2016-03-18 16:22:09-05:00,['To automatically load images and configure other options'],['To automatically load images and specify other options'],[]
21,rii-mango/Papaya,README.md,2016-03-18 16:38:42-05:00,['[Run Demo](http://rii.uthscsa.edu/mango/papayabeta/)'],['Demo'],[]
21,rii-mango/Papaya,README.md,2016-03-18 16:41:17-05:00,['[Documentation](https://github.com/rii-mango/Papaya/wiki) & [Demo](http://rii.uthscsa.edu/mango/papayabeta/)'],"['[Documentation](https://github.com/rii-mango/Papaya/wiki)', '[Run Demo](http://rii.uthscsa.edu/mango/papayabeta/)']",[]
21,rii-mango/Papaya,README.md,2016-04-15 13:57:39-05:00,['[Documentation](https://github.com/rii-mango/Papaya/wiki) & [Demo](http://rii.uthscsa.edu/mango/papaya/)'],['[Documentation](https://github.com/rii-mango/Papaya/wiki) & [Demo](http://rii.uthscsa.edu/mango/papayabeta/)'],[]
21,rii-mango/Papaya,README.md,2017-04-09 14:24:40-05:00,"['Development', '[Building](https://github.com/rii-mango/Papaya/wiki/How-To-Build-Papaya)', '[Usage](https://github.com/rii-mango/Papaya/wiki/Usage) & [Configuration](https://github.com/rii-mango/Papaya/wiki/Configuration)', 'Basic usage (loads a blank viewer)', 'To automatically load images and configure other options']","['Development', '[Building](https://github.com/rii-mango/Papaya/wiki/How-To-Build-Papaya)', '[Usage](https://github.com/rii-mango/Papaya/wiki/Usage) & [Configuration](https://github.com/rii-mango/Papaya/wiki/Configuration)', 'Basic usage (loads a blank viewer)', 'To automatically load images and configure other options']",[]
21,rii-mango/Papaya,README.md,2017-04-09 14:24:51-05:00,['[Documentation](https://github.com/rii-mango/Papaya/wiki) & [Demo](http://rii.uthscsa.edu/mango/papaya/)'],['[Documentation](https://github.com/rii-mango/Papaya/wiki) & [Demo](http://rii.uthscsa.edu/mango/papaya/)'],[]
22,tstafylakis/Lipreading-ResNet,README.md,2017-08-19 19:18:37+03:00,['Lipreading-ResNet'],[],[]
22,tstafylakis/Lipreading-ResNet,README.md,2017-08-19 19:23:41+03:00,"['Requirements', 'Training', 'Pretrained models', 'Number of frames', 'Model Parameters, SoftMax and pooling', 'Word Boundaries']",['Lipreading-ResNet'],[]
22,tstafylakis/Lipreading-ResNet,README.md,2017-08-25 19:50:11+02:00,['Landmark Detection vs.'],[],[]
22,tstafylakis/Lipreading-ResNet,README.md,2017-08-25 19:51:34+02:00,['Landmark Detection'],['Landmark Detection vs.'],[]
22,tstafylakis/Lipreading-ResNet,README.md,2017-11-03 08:23:10+00:00,['Deep word embeddings for visual speech recognition'],[],[]
22,tstafylakis/Lipreading-ResNet,README.md,2018-07-04 15:47:59+03:00,['Examples of LRW and how to evaluate on them'],[],[]
22,tstafylakis/Lipreading-ResNet,README.md,2018-09-08 14:02:39+03:00,['Learning Rate'],[],[]
22,tstafylakis/Lipreading-ResNet,README.md,2018-10-08 18:13:02+03:00,['NEW: Pytorch and AudioVisual versions'],[],[]
23,agentsoz/bdi-abm-integration,README.md,2016-01-25 14:08:52+11:00,"['BDI-ABM Integration Package', 'How to use this software', 'Build Dependencies', 'Compiling', 'License']",[],[]
23,agentsoz/bdi-abm-integration,README.md,2016-02-09 18:39:38+11:00,"['Bushfire example', 'Conservation Example', 'Vaccination Example', 'License']",['License'],[]
23,agentsoz/bdi-abm-integration,README.md,2018-09-11 15:45:47+10:00,"['Build Dependencies', 'Vaccination Example (probably outdated as of 11/Sep/2018)']","['Build Dependencies', 'Vaccination Example']",[]
24,WavEC-Offshore-Renewables/tokyo-wavec-fowt,README.md,2020-08-10 10:28:42+01:00,['tokyo-wavec-fowt'],[],[]
25,nilmtk/nilmtk,README.md,2013-12-03 17:31:55+05:18,"['Installing', 'Usage']",[],[]
25,nilmtk/nilmtk,README.md,2013-12-03 20:22:21+00:00,"['Software Dependencies', 'Further info']",['Usage'],[]
25,nilmtk/nilmtk,README.md,2013-12-07 12:01:25+00:00,['Current state of the project'],[],[]
25,nilmtk/nilmtk,README.md,2014-01-15 13:46:45+00:00,['Documentation'],[],[]
25,nilmtk/nilmtk,README.md,2014-02-07 11:16:49+00:00,['Getting started'],[],[]
25,nilmtk/nilmtk,README.md,2014-02-07 11:18:21+00:00,['Notes'],[],[]
25,nilmtk/nilmtk,README.md,2014-02-07 11:22:26+00:00,"['NILMTK Documentation', 'Current state of the project', 'Installing', 'Software Dependencies', 'Getting started', 'Further info']","['Documentation', 'Current state of the project', 'Installing', 'Software Dependencies', 'Getting started', 'Further info']",[]
25,nilmtk/nilmtk,README.md,2014-02-07 11:49:02+00:00,['Plans for February and March:'],[],[]
25,nilmtk/nilmtk,README.md,2014-02-07 11:52:30+00:00,['Development plans for February and March:'],['Plans for February and March:'],[]
25,nilmtk/nilmtk,README.md,2014-04-17 14:38:29+01:00,['Academic paper on NILMTK'],[],"['Batra, N., Kelly, J., Parson, O., Dutta, H., Knottenbelt, W., Rogers, A., Singh, A., Srivastava, M. (2014). NILMTK: An Open Source Toolkit for Non-intrusive Load Monitoring. In Fifth International Conference on Future Energy Systems (ACM e-Energy). Cambridge, UK. arXiv:[1404.3878](http://arxiv.org/abs/1404.3878) DOI:[10.1145/2602044.2602051](http://dx.doi.org/10.1145/2602044.2602051)', 'Batra, N., Kelly, J., Parson, O., Dutta, H., Knottenbelt, W., Rogers, A., Singh, A., Srivastava, M. (2014). NILMTK: An Open Source Toolkit for Non-intrusive Load Monitoring. In Fifth International Conference on Future Energy Systems (ACM e-Energy). Cambridge, UK. arXiv:[1404.3878](http://arxiv.org/abs/1404.3878) DOI:[10.1145/2602044.2602051](http://dx.doi.org/10.1145/2602044.2602051)']"
25,nilmtk/nilmtk,README.md,2014-04-17 14:39:52+01:00,['Development plans for April and May 2014:'],['Development plans for February and March:'],[]
25,nilmtk/nilmtk,README.md,2014-05-01 12:03:40+01:00,['v0.2.0 development branch'],[],[]
25,nilmtk/nilmtk,README.md,2014-06-10 13:53:13+01:00,['Development plans for June and July 2014:'],['Development plans for April and May 2014:'],[]
25,nilmtk/nilmtk,README.md,2014-06-10 14:14:16+01:00,['Keeping up to date with NILMTK'],[],[]
25,nilmtk/nilmtk,README.md,2014-07-12 03:17:53+01:00,['v0.2 Released!'],"['v0.2.0 development branch', 'Software Dependencies', 'Getting started', 'Further info', 'Development plans for April and May 2014:']",[]
25,nilmtk/nilmtk,README.md,2014-07-13 21:20:14+01:00,['Keeping up to date with NILMTK'],[],[]
25,nilmtk/nilmtk,README.md,2014-09-05 15:05:25+01:00,"['Installing on Ubuntu like Linux variants (debian based)', 'Installing on Windows']",['Installing'],[]
25,nilmtk/nilmtk,README.md,2014-11-09 12:54:38-05:00,[],['Notes'],[]
25,nilmtk/nilmtk,README.md,2014-11-09 20:19:18+00:00,[],[],"['The first ACM Workshop On Embedded Systems For Energy-Efficient Buildings at BuildSys 2014. Memphis, USA. DOI:[10.1145/2674061.2675024](http://dx.doi.org/10.1145/2674061.2675024) arXiv:[1409.5908](http://arxiv.org/abs/1409.5908)', 'The first ACM Workshop On Embedded Systems For Energy-Efficient Buildings at BuildSys 2014. Memphis, USA. DOI:[10.1145/2674061.2675024](http://dx.doi.org/10.1145/2674061.2675024) arXiv:[1409.5908](http://arxiv.org/abs/1409.5908)']"
25,nilmtk/nilmtk,README.md,2014-11-25 13:40:27-05:00,['nilmtk survey'],[],[]
25,nilmtk/nilmtk,README.md,2014-11-25 19:38:11+00:00,['nilmtk survey'],[],[]
25,nilmtk/nilmtk,README.md,2015-02-16 16:11:03+00:00,['Submitting a bug report'],[],[]
25,nilmtk/nilmtk,README.md,2015-02-23 16:19:23+00:00,"['History', 'Documentation', 'Publications', 'User survey', 'Test coverage']","['nilmtk survey', 'v0.2 Released!', 'NILMTK Documentation', 'Academic paper on NILMTK']",[]
25,nilmtk/nilmtk,README.md,2015-02-23 16:26:03+00:00,['Keeping up to date with NILMTK'],['Keeping up to date with NILMTK'],"['* Batra, N., Kelly, J., Parson, O., Dutta, H., Knottenbelt, W., Rogers, A., Singh, A., Srivastava, M. (2014). NILMTK: An Open Source Toolkit for Non-intrusive Load Monitoring. In Fifth International Conference on Future Energy Systems (ACM e-Energy). Cambridge, UK. arXiv:[1404.3878](http://arxiv.org/abs/1404.3878) DOI:[10.1145/2602044.2602051](http://dx.doi.org/10.1145/2602044.2602051)', '* Batra, N., Kelly, J., Parson, O., Dutta, H., Knottenbelt, W., Rogers, A., Singh, A., Srivastava, M. (2014). NILMTK: An Open Source Toolkit for Non-intrusive Load Monitoring. In Fifth International Conference on Future Energy Systems (ACM e-Energy). Cambridge, UK. arXiv:[1404.3878](http://arxiv.org/abs/1404.3878) DOI:[10.1145/2602044.2602051](http://dx.doi.org/10.1145/2602044.2602051)']"
25,nilmtk/nilmtk,README.md,2015-05-23 10:35:23+05:18,[],"['Installing on Ubuntu like Linux variants (debian based)', 'Installing on Windows']",[]
25,nilmtk/nilmtk,README.md,2015-05-23 13:06:06+05:18,['Installation guide'],['User survey'],[]
25,nilmtk/nilmtk,README.md,2015-06-19 16:00:35+01:00,['History'],['History'],[]
25,nilmtk/nilmtk,README.md,2015-06-19 16:04:13+01:00,[],['Current state of the project'],[]
25,nilmtk/nilmtk,README.md,2015-06-20 14:09:21+01:00,"['NILMTK: Non-Intrusive Load Monitoring Toolkit', 'Why a toolkit for NILM?', 'What nilmtk provides', 'Documentation', 'Publications', 'Keeping up to date with NILMTK', 'History', 'Code health']","['Documentation', 'Installation guide', 'Publications', 'Keeping up to date with NILMTK', 'History', 'Submitting a bug report', 'Test coverage']",[]
25,nilmtk/nilmtk,README.md,2015-10-02 15:51:16+01:00,['What NILMTK provides'],['What nilmtk provides'],[]
25,nilmtk/nilmtk,README.md,2017-03-24 15:46:13+05:18,[],['Code health'],[]
25,nilmtk/nilmtk,README.md,2017-10-07 21:36:50+05:18,['Documentation'],['Documentation'],[]
25,nilmtk/nilmtk,README.md,2020-08-21 19:29:51-03:00,['Brief history'],"['Keeping up to date with NILMTK', 'History']","['1. Nipun Batra, Jack Kelly, Oliver Parson, Haimonti Dutta, William Knottenbelt, Alex Rogers, Amarjeet Singh, Mani Srivastava. NILMTK: An Open Source Toolkit for Non-intrusive Load Monitoring. In: 5th International Conference on Future Energy Systems (ACM e-Energy), Cambridge, UK. 2014. DOI:[10.1145/2602044.2602051](http://dx.doi.org/10.1145/2602044.2602051). arXiv:[1404.3878](http://arxiv.org/abs/1404.3878).', '1. Nipun Batra, Jack Kelly, Oliver Parson, Haimonti Dutta, William Knottenbelt, Alex Rogers, Amarjeet Singh, Mani Srivastava. NILMTK: An Open Source Toolkit for Non-intrusive Load Monitoring. In: 5th International Conference on Future Energy Systems (ACM e-Energy), Cambridge, UK. 2014. DOI:[10.1145/2602044.2602051](http://dx.doi.org/10.1145/2602044.2602051). arXiv:[1404.3878](http://arxiv.org/abs/1404.3878).', '3. Jack Kelly, Nipun Batra, Oliver Parson, Haimonti Dutta, William Knottenbelt, Alex Rogers, Amarjeet Singh, Mani Srivastava. Demo Abstract: NILMTK v0.2: A Non-intrusive Load Monitoring Toolkit for Large Scale Data Sets. In the first ACM Workshop On Embedded Systems For Energy-Efficient Buildings, 2014. DOI:[10.1145/2674061.2675024](http://dx.doi.org/10.1145/2674061.2675024). arXiv:[1409.5908](http://arxiv.org/abs/1409.5908).', '3. Jack Kelly, Nipun Batra, Oliver Parson, Haimonti Dutta, William Knottenbelt, Alex Rogers, Amarjeet Singh, Mani Srivastava. Demo Abstract: NILMTK v0.2: A Non-intrusive Load Monitoring Toolkit for Large Scale Data Sets. In the first ACM Workshop On Embedded Systems For Energy-Efficient Buildings, 2014. DOI:[10.1145/2674061.2675024](http://dx.doi.org/10.1145/2674061.2675024). arXiv:[1409.5908](http://arxiv.org/abs/1409.5908).', ""4. Nipun Batra, Rithwik Kukunuri, Ayush Pandey, Raktim Malakar, Rajat Kumar, Odysseas Krystalakos, Mingjun Zhong, Paulo Meira, and Oliver Parson. 2019. Towards reproducible state-of-the-art energy disaggregation. In Proceedings of the 6th ACM International Conference on Systems for Energy-Efficient Buildings, Cities, and Transportation (BuildSys '19). Association for Computing Machinery, New York, NY, USA, 193–202. DOI:[10.1145/3360322.3360844](https://doi.org/10.1145/3360322.3360844)"", ""4. Nipun Batra, Rithwik Kukunuri, Ayush Pandey, Raktim Malakar, Rajat Kumar, Odysseas Krystalakos, Mingjun Zhong, Paulo Meira, and Oliver Parson. 2019. Towards reproducible state-of-the-art energy disaggregation. In Proceedings of the 6th ACM International Conference on Systems for Energy-Efficient Buildings, Cities, and Transportation (BuildSys '19). Association for Computing Machinery, New York, NY, USA, 193–202. DOI:[10.1145/3360322.3360844](https://doi.org/10.1145/3360322.3360844)""]"
26,TGMclustering/TGMclustering,README.md,2021-11-05 17:02:03+01:00,"['TGM', 'Requirements', 'Using TGM', 'Install git LFS via https://www.atlassian.com/git/tutorials/git-lfs', 'initialize Git LFS', 'clone the repository', 'License', 'Examples', '', 'hyperparameters                     #', '', '', 'Load DBLP1 dataset                      #', '', '', 'TGM clustering ########################', '', 'To reproduce the paper results']",[],[]
27,PRiME-project/PRiME-Framework,README.md,2017-02-14 14:14:01+00:00,['PRiME_Framework'],[],[]
27,PRiME-project/PRiME-Framework,README.md,2018-06-06 16:19:19+01:00,"['PRiME Framework', 'Publications', 'License']",['PRiME_Framework'],[]
28,fchirono/amiet_tools,README.md,2020-03-05 11:51:21-10:00,['amiet_tools'],[],[]
28,fchirono/amiet_tools,README.md,2020-03-06 17:34:41-10:00,"['Dependencies:', 'Author:', 'Main Technical References:']",[],[]
28,fchirono/amiet_tools,README.md,2020-03-06 18:08:02-10:00,"['Dependencies:', 'Author:', 'Main Technical References:']",[],[]
28,fchirono/amiet_tools,README.md,2020-03-24 11:55:01-10:00,['Python Tutorials'],[],"['* Hans Fangohr, *Python for Computational Science and Engineering*, 2018, DOI: 10.5281/zenodo.1411868, https://github.com/fangohr/introduction-to-python-for-computational-science-and-engineering (available in PDF, HTML, Jupyter Notebook files. A translated version in Portuguese is also available)']"
28,fchirono/amiet_tools,README.md,2020-08-25 10:34:03-10:00,[],[],"['* Casagrande Hirono,F., Joseph, P., Fazi, F., *""An Open-Source Implementation of Analytical Turbulence-Airfoil Interaction Noise Model""*, 26th AIAA/CEAS Aeroacoustics Conference (part of AVIATION 2020), AIAA Paper 2020-2544, https://doi.org/10.2514/6.2020-2544 , June 2020.']"
28,fchirono/amiet_tools,README.md,2022-05-13 11:05:37-03:00,"['How to install:', 'How to uninstall:']",[],[]
29,stain/profilechecker,README.md,2017-05-04 13:59:50+01:00,"['OWL API profile checker', 'Requirements', 'Building', 'Usage', 'Help', 'Default profile', 'Specify OWL2 profile', 'All profiles', 'Warnings']",[],[]
30,JAEarly/MILLI,README.md,2022-01-27 15:41:56+00:00,"['MIL Model Agnostic Interpretability', 'Overview', 'Data', 'Models and training', 'Interpretability', 'Experiments', 'Running scripts']",[],[]
31,esbmc/esbmc,README.md,2015-06-19 01:49:48+01:00,"['The ESBMC model checker', 'Features', 'Differences from CBMC', 'Open source', 'Getting started', 'Documentation']",[],[]
31,esbmc/esbmc,README.md,2020-05-11 07:34:27-04:00,['Contributing to the code base'],[],[]
31,esbmc/esbmc,README.md,2021-11-26 09:24:51+00:00,['Acknowledgements'],[],[]
31,esbmc/esbmc,README.md,2021-11-26 10:01:57+00:00,['Acknowledgments'],['Acknowledgements'],[]
31,esbmc/esbmc,README.md,2022-01-06 07:45:57+00:00,['Publications'],[],[]
31,esbmc/esbmc,README.md,2022-01-06 08:22:00+00:00,[],[],"['* Mikhail Y. R. Gadelha, Felipe R. Monteiro, Jeremy Morse, Lucas C. Cordeiro, Bernd Fischer, Denis A. Nicole. [ESBMC 5.0: an industrial-strength C model checker.](https://ssvlab.github.io/lucasccordeiro/papers/ase2018.pdf) In ASE, pp. 888-891, 2018. [DOI](https://doi.org/10.1145/3238147.3240481)', '* Jeremy Morse, Lucas C. Cordeiro, Denis A. Nicole, Bernd Fischer. [Model checking LTL properties over ANSI-C programs with bounded traces.](https://ssvlab.github.io/lucasccordeiro/papers/sosym2013.pdf) In Softw. Syst. Model. 14(1), pp. 65-81, 2015. [DOI](https://doi.org/10.1007/s10270-013-0366-0)', '* Mikhail Y. R. Gadelha, Hussama Ibrahim Ismail, Lucas C. Cordeiro. [Handling loops in bounded model checking of C programs via k-induction.](https://ssvlab.github.io/lucasccordeiro/papers/sttt2017.pdf) In Int. J. Softw. Tools Technol. Transf. 19(1), pp. 97-114, 2017. [DOI](https://doi.org/10.1007/s10009-015-0407-9)']"
31,esbmc/esbmc,README.md,2022-01-06 08:25:34+00:00,[],[],"['* Phillipe A. Pereira, Higo F. Albuquerque, Isabela da Silva, Hendrio Marques, Felipe R. Monteiro, Ricardo Ferreira, Lucas C. Cordeiro. [SMT-based context-bounded model checking for CUDA programs.](https://ssvlab.github.io/lucasccordeiro/papers/cppe2017.pdf) In Concurr. Comput. Pract. Exp. 29(22), 2017. [DOI](https://doi.org/10.1002/cpe.3934)']"
31,esbmc/esbmc,README.md,2022-01-06 08:29:12+00:00,[],[],"['* Lucas C. Cordeiro, Bernd Fischer, João Marques-Silva. [SMT-Based Bounded Model Checking for Embedded ANSI-C Software.](https://ssvlab.github.io/lucasccordeiro/papers/tse2012.pdf) In IEEE Trans. Software Eng. 38(4), pp. 957-974, 2012. [DOI](https://doi.org/10.1109/TSE.2011.59)']"
31,esbmc/esbmc,README.md,2022-01-06 08:34:30+00:00,[],[],"['* Lucas C. Cordeiro, Bernd Fischer. [Verifying multi-threaded software using smt-based context-bounded model checking.](https://ssvlab.github.io/lucasccordeiro/papers/icse2011.pdf) In ICSE, pp. 331-340, 2011. [DOI](https://doi.org/10.1145/1985793.1985839)']"
31,esbmc/esbmc,README.md,2022-01-06 08:41:08+00:00,[],[],"['* Felipe R. Monteiro, Mikhail R. Gadelha, Lucas C. Cordeiro.[Model checking C++ programs.](https://ssvlab.github.io/lucasccordeiro/papers/stvr2021.pdf) In Softw. Test. Verification Reliab. 32(1), 2022. [DOI](https://doi.org/10.1002/stvr.1793)']"
31,esbmc/esbmc,README.md,2022-01-06 08:48:16+00:00,[],[],"['* Felipe R. Monteiro, Mikhail R. Gadelha, Lucas C. Cordeiro.[Model checking C++ programs.](https://onlinelibrary.wiley.com/doi/epdf/10.1002/stvr.1793) In Softw. Test. Verification Reliab. 32(1), 2022. [DOI](https://doi.org/10.1002/stvr.1793) **Open access**.']"
31,esbmc/esbmc,README.md,2022-01-06 17:22:26+00:00,[],[],"['* Felipe R. Monteiro, Mikhail R. Gadelha, Lucas C. Cordeiro. [Model checking C++ programs.](https://onlinelibrary.wiley.com/doi/epdf/10.1002/stvr.1793) In Softw. Test. Verification Reliab. 32(1), 2022. [DOI](https://doi.org/10.1002/stvr.1793) **Open access**.']"
31,esbmc/esbmc,README.md,2022-01-07 11:35:44+00:00,[],[],"['* Mikhail R. Gadelha, Lucas C. Cordeiro, Denis A. Nicole. [An Efficient Floating-Point Bit-Blasting API for Verifying C Programs.](https://ssvlab.github.io/lucasccordeiro/papers/nsv2020.pdf) In VSTTE, pp. 178-195, 2020. [DOI](https://doi.org/10.1007/978-3-030-63618-0_11)']"
31,esbmc/esbmc,README.md,2022-04-11 13:14:31+01:00,[],[],"['* Felipe R. Monteiro, Mikhail R. Gadelha, Lucas C. Cordeiro. [Model checking C++ programs.](https://onlinelibrary.wiley.com/doi/epdf/10.1002/stvr.1793) In Softw. Test. Verification Reliab. 32(1), 2022. [DOI](https://doi.org/10.1002/stvr.1793) [Video](https://www.youtube.com/watch?v=cX31c976tjM) **Open access**.']"
31,esbmc/esbmc,README.md,2022-04-11 13:16:36+01:00,[],[],"['* Felipe R. Monteiro, Mikhail R. Gadelha, Lucas C. Cordeiro. [Model checking C++ programs.](https://onlinelibrary.wiley.com/doi/epdf/10.1002/stvr.1793) In Softw. Test. Verification Reliab. 32(1), 2022. [DOI](https://doi.org/10.1002/stvr.1793), [Video](https://www.youtube.com/watch?v=cX31c976tjM), **Open access**.']"
31,esbmc/esbmc,README.md,2022-09-27 14:39:32+01:00,[],[],"[""* Rafael Menezes, Daniel Moura, Helena Cavalcante, Rosiane de Freitas, Lucas C. Cordeiro . [ESBMC-Jimple: verifying Kotlin programs via jimple intermediate representation](https://dl.acm.org/doi/abs/10.1145/3533767.3543294) In ISSTA'22, pp. 777-780, 2022. [DOI](https://doi.org/10.1145/3533767.3543294)"", ""* Franz Brauße, Fedor Shmarov, Rafael Menezes, Mikhail R. Gadelha, Konstantin Korovin, Giles Reger, Lucas C. Cordeiro. [ESBMC-CHERI: towards verification of C programs for CHERI platforms with ESBMC](https://dl.acm.org/doi/abs/10.1145/3533767.3543289) In ISSTA'22, pp. 773-776, 2022. [DOI](https://doi.org/10.1145/3533767.3543289)""]"
31,esbmc/esbmc,README.md,2022-12-11 02:08:09+00:00,['Architecture'],[],[]
32,intelaligent/tctb,README.md,2017-03-06 18:23:21+00:00,['Traffic Control Test Set'],[],[]
32,intelaligent/tctb,README.md,2017-05-09 12:05:18+01:00,"['Traffic Control Test Bed', 'Legacy Reference']",['Traffic Control Test Set'],[]
32,intelaligent/tctb,README.md,2017-09-18 15:31:42+01:00,['License'],[],[]
32,intelaligent/tctb,README.md,2017-10-24 10:08:49+01:00,['Demo'],[],[]
32,intelaligent/tctb,README.md,2017-12-07 13:12:45+00:00,['Related Publication'],[],[]
32,intelaligent/tctb,README.md,2020-01-09 20:30:21+00:00,[],[],['[![DOI](https://zenodo.org/badge/DOI/10.5281/zenodo.1491603.svg)](https://doi.org/10.5281/zenodo.1491603)']
32,intelaligent/tctb,README.md,2020-01-09 20:44:36+00:00,['Related Publications'],['Related Publication'],[]
32,intelaligent/tctb,README.md,2020-01-09 20:58:33+00:00,[],[],['[![DOI](https://zenodo.org/badge/DOI/10.5281/zenodo.3603439.svg)](https://doi.org/10.5281/zenodo.3603439)']
32,intelaligent/tctb,README.md,2020-01-09 21:22:39+00:00,[],[],['[![DOI](https://zenodo.org/badge/DOI/10.5281/zenodo.3603446.svg)](https://doi.org/10.5281/zenodo.3603446)']
32,intelaligent/tctb,README.md,2020-01-09 21:24:49+00:00,['Publications'],['Related Publications'],[]
32,intelaligent/tctb,README.md,2020-01-09 21:26:23+00:00,[],[],"[' - B. Gao, B. Anvari, R. Tusting, C. Tsotskas and P. Franco, ""[Traffic Control Test Bed: An open source benchmarking platform for intersection control systems](https://doi.org/10.5281/zenodo.3603445)"", in Proceedings of the [50th Annual UTSG Conference](http://utsg.net/), 2018.']"
33,ecs-vlc/opponency,README.md,2019-10-10 13:34:36+01:00,['opponency'],[],[]
33,ecs-vlc/opponency,README.md,2019-10-15 13:21:56+01:00,"['Spatial and Colour Opponency in Anatomically Constrained Deep Networks', 'Notebooks']",['opponency'],[]
33,ecs-vlc/opponency,README.md,2019-10-15 16:57:37+01:00,['About'],[],[]
33,ecs-vlc/opponency,README.md,2019-10-15 16:58:44+01:00,['Spatial and Colour Opponency in Anatomically Constrained Deep Networks'],['Spatial and Colour Opponency in Anatomically Constrained Deep Networks'],[]
33,ecs-vlc/opponency,README.md,2020-08-04 08:16:07+01:00,['How Convolutional Neural Network Architecture Biases Learned Opponency and Spectral Tuning'],['Spatial and Colour Opponency in Anatomically Constrained Deep Networks'],[]
34,ethanwharris/foveated-convolutions,README.md,2019-11-01 09:19:07+00:00,['foveated-convolutions'],[],[]
34,ethanwharris/foveated-convolutions,README.md,2019-11-07 12:56:37+00:00,"['Foveated Convolutions: Improving Spatial Transformer Networks by Modelling the Retina', 'About', 'Code']",['foveated-convolutions'],[]
35,ilkaza/JPAL-HA,README.md,2022-01-24 17:15:48+00:00,"['JPAL-HA', 'Files', 'Usage']",[],[]
35,ilkaza/JPAL-HA,README.md,2022-12-22 02:52:42+00:00,['Running an experiment with a real user'],[],[]
36,MAMEM/GazeTheWeb,README.md,2016-03-03 09:12:47+02:00,['GazeTheWeb'],[],[]
36,MAMEM/GazeTheWeb,README.md,2016-03-05 15:42:17+01:00,"['Projects', 'Links']",[],[]
36,MAMEM/GazeTheWeb,README.md,2017-05-13 19:15:12+02:00,['GazeTheWeb'],['GazeTheWeb'],[]
36,MAMEM/GazeTheWeb,README.md,2017-05-14 21:13:03+02:00,['Public'],[],[]
36,MAMEM/GazeTheWeb,README.md,2017-05-28 21:57:12+02:00,['Research'],[],"['  url = {http://dx.doi.org/10.1145/3058555.3058582},']"
36,MAMEM/GazeTheWeb,README.md,2018-07-17 09:56:28+02:00,['GazeTheWeb'],['GazeTheWeb'],[]
36,MAMEM/GazeTheWeb,README.md,2019-11-04 12:04:56+01:00,[],[],"['@article{tochiGazeTheWeb,', ' url = {http://doi.acm.org/10.1145/3338844},']"
37,UoS-EEC/INET-opportunistic-routing,README.md,2022-09-26 21:44:23+01:00,"['INET Opportunistic Routing', 'Cross-layer components', 'Wake-up Layer components', 'Unfinished and unverified components']",[],['The layered protocol design method has been published in https://doi.org/10.48550/arXiv.2109.12047']
37,UoS-EEC/INET-opportunistic-routing,README.md,2022-09-28 21:43:09+01:00,['Compatability'],[],[]
38,stuartemiddleton/glosat_table_dataset,README.md,2021-03-09 09:16:48+00:00,['glosat_table_dataset'],[],[]
38,stuartemiddleton/glosat_table_dataset,README.md,2021-03-09 09:21:20+00:00,['GloSAT Historical Measurement Table Dataset'],['glosat_table_dataset'],[]
38,stuartemiddleton/glosat_table_dataset,README.md,2021-09-03 09:34:49+01:00,"['installation under Ubuntu 20.04LTS', 'install conda see https://docs.conda.io/projects/conda/en/latest/user-guide/install/linux.html', 'create open-mmlab env in conda', 'check you have python 3.7 via conda', 'install cuda and torch', 'install mmdetection', 'note: mmdetection tutorials are located at https://mmdetection.readthedocs.io/en/latest/index.html', 'note: delete the ./build dir if re-installing', 'manually install the mmcv model file hrnetv2_w32-dc9eeb4f.pth as later versions of mmcv have changed the download link from AWS to aliyun cloud provider (so it breaks on download from old AWS link)', 'install glosat dataset files into mmdetection', 'change default classes for voc to GloSAT table classes', 'prepare the VOC training data files for GloSAT dataset (course and fine)', 'train models (if not using available pretrained model checkpoints)', '', 'Train >> Table Detection Model', '', 'Table Detection Model >> full_table', 'resume training if needed from a specific epoch', 'Table Detection Model >> full table, header, caption (enhanced)', '', 'Train >> Table Structure Recognition Model', '', 'Table Structure Recognition Model >> coarse segmentation cells', 'FROM HERE', 'Table Structure Recognition Model >> individual cells', 'infer and evaluate using models (both available pretrained models and ones trained using previous section)', '', 'Infer >> Pretrained Model >> Table Detection (GloSAT dataset Test split)', '', 'Pretrained Model >> CascadeTabNet original model ( not reported in HIP 2021 paper, downloaded from https://github.com/DevashishPrasad/CascadeTabNet )', 'note: inference_original.py is needed not inference.py as the original CascadeTabNet model has different classes (Borderless, bordered etc.), so this separate script is needed to have correct labels.', 'Pretrained Model >> CascadeTabNet original model fine-tuned on GloSAT dataset Train split (fulltables only)', 'Pretrained Model >> CascadeTabNet original model fine-tuned on GloSAT dataset Train split (full table, header, caption)', '', 'Infer >> Pretrained Model >> Table Detection (ICDAR dataset and aggregated dataset)', '', 'Pretrained Model >> CascadeTabNet original model fine-tuned on cTDaR19 dataset Train split', 'model checkpoint = /data/glosat_table_dataset/models/model_tables_ICDAR.pth', 'download test data from ICDAR website ( https://zenodo.org/record/2649217#.YSjA2YhKiUk ) and follow the same procedure as for GloSAT models', 'Pretrained Model >> CascadeTabNet original model fine-tuned on aggregated dataset Train split', 'model checkpoint = /data/glosat_table_dataset/models/model_tables_both.pth', 'download image test data from ICDAR website ( https://zenodo.org/record/2649217#.YSjA2YhKiUk ), aggregate with GloSAT dataset Test split and follow the same procedure as for GloSAT models', '', 'Infer >> Trained Model >> Table Detection', '', 'Trained Model >> fulltable model', 'Trained Model >> enhanced model', '', 'Infer >> Pretrained Model >> Table Structure Recognition (GloSAT dataset Test split)', '', 'Pretrained Model >> GloSAT (coarse segmentation cells) table detected >> CascadeTabNet original model fine-tuned on GloSAT dataset Train split (fulltables only, coarse cells, post-processing, table det)', 'Pretrained Model >> GloSAT (individual cells) table detected >> CascadeTabNet original model fine-tuned on GloSAT dataset Train split (fulltables only, individual cells, post-processing, table det)', 'Pretrained Model >> GloSAT (coarse segmentation cells) table provided >> CascadeTabNet original model fine-tuned on GloSAT dataset Train split (fulltables only, coarse cells, post-processing, table provided)', 'Pretrained Model >> GloSAT (individual cells) table provided >> CascadeTabNet original model fine-tuned on GloSAT dataset Train split (fulltables only, individual cells, post-processing, table provided)', 'Pretrained Model without any post processing >> GloSAT (coarse segmentation cells) table detected', 'note: no post processing means VOC format is output so needs a different eval script', 'Pretrained Model without any post processing >> GloSAT (individual cells) table detected', 'note: no post processing means VOC format is output so needs a different eval script', 'Pretrained Model without any post processing >> GloSAT (coarse segmentation cells) table provided', 'note: no post processing means VOC format is output so needs a different eval script', 'Pretrained Model without any post processing >> GloSAT (individual cells) table provided', 'note: no post processing means VOC format is output so needs a different eval script', '', 'Infer >> Pretrained Model >> Table Structure Recognition (ICDAR dataset and aggregated dataset)', '', 'Pretrained Model >> CascadeTabNet original model fine-tuned on cTDaR19 dataset Train split', 'model checkpoint = /data/glosat_table_dataset/models/model_cell_ICDAR.pth', 'download image test data from ICDAR website ( https://zenodo.org/record/2649217#.YSjA2YhKiUk ) and follow the same procedure as for GloSAT models', 'Pretrained Model >> CascadeTabNet original model fine-tuned on aggregated dataset Train split', 'model checkpoint (coarse) = /data/glosat_table_dataset/models/model_coarsecell_both.pth', 'model checkpoint (fine) = /data/glosat_table_dataset/models/model_finecell_both.pth', 'download image test data from ICDAR website ( https://zenodo.org/record/2649217#.YSjA2YhKiUk ) and aggregate with GloSAT dataset Test split and follow the same procedure as for GloSAT models', '', 'Infer >> Trained Model >> Table Structure Recognition', '', 'Trained Model >> coarse segmentation cells', 'Trained Model >> individual cells', 'Latest eval results (same model checkpoints as used in HIP 2021 paper but with small improvements to post processing code)']",[],['Dataset and model checkpoint files can be downloaded from Zendo. Dataset files should be checked into the datasets dir. Model checkpoint files should be checked into the models dir. Zendo dataset https://doi.org/10.5281/zenodo.5363456']
38,stuartemiddleton/glosat_table_dataset,README.md,2021-09-03 09:48:34+01:00,"['Installation under Ubuntu 20.04LTS', 'Train models', 'Infer and evaluate using models', 'Latest eval results']","['installation under Ubuntu 20.04LTS', 'train models (if not using available pretrained model checkpoints)', 'infer and evaluate using models (both available pretrained models and ones trained using previous section)', 'Latest eval results (same model checkpoints as used in HIP 2021 paper but with small improvements to post processing code)']",[]
38,stuartemiddleton/glosat_table_dataset,README.md,2021-09-03 11:51:05+01:00,['Table Structure Recognition Model >> individual cells (needs reduced memory model)'],"['FROM HERE', 'Table Structure Recognition Model >> individual cells']",[]
39,prov-suite/prov-sty,README.md,2015-05-01 12:08:21+01:00,['prov-sty'],[],[]
40,r-barnes/dggridR,README.md,2016-07-09 16:40:06-06:00,"['Construct a global grid with cells approximately 1000 miles across', 'Load included test data set', 'Get the corresponding grid cells for each earthquake epicenter (lat-long pair)', 'Get the number of earthquakes in each, equally-sized cell']",[],[]
40,r-barnes/dggridR,README.md,2016-07-12 14:51:05-06:00,['Get the number of earthquakes in each equally-sized cell'],"['Get the number of earthquakes in each, equally-sized cell']",[]
40,r-barnes/dggridR,README.md,2018-07-27 17:35:41-07:00,[],[],['[![DOI](https://zenodo.org/badge/DOI/10.5281/zenodo.1322866.svg)](https://doi.org/10.5281/zenodo.1322866)']
41,mhinsch/RRGraphs_mini,README.md,2018-09-13 13:07:12+01:00,"['RoutesRumours', 'Requirements', 'Running the simulation', 'GUI', 'REPL']",[],[]
42,oreindt/routes-rumours-ml3,README.md,2018-08-16 14:04:22+01:00,['SESSL/ML3 Quick Start #'],[],[]
42,oreindt/routes-rumours-ml3,README.md,2018-09-28 15:07:15+02:00,['ML3 Version of the Routes Romours Model #'],[],[]
42,oreindt/routes-rumours-ml3,README.md,2018-09-28 15:12:57+02:00,['ML3 Version of the Routes Rumours Model #'],['ML3 Version of the Routes Romours Model #'],[]
43,facebookresearch/SentEval,README.md,2017-05-29 10:27:16-07:00,['SentEval'],[],[]
43,facebookresearch/SentEval,README.md,2017-06-27 05:42:07-07:00,"['SentEval', 'Dependencies', 'Tasks', 'Download datasets', 'Example (average word2vec) : examples/bow.py', 'examples/bow.py', 'examples/infersent.py', 'How SentEval works', '1.) prepare(params, samples) (optional)', '2.) batcher(batch, params)', '3.) evaluation on transfer tasks', 'SentEval parameters', 'References', 'Supervised Learning of Universal Sentence Representations from Natural Language Inference Data']",['SentEval'],"['@article{conneau2017supervised,']"
43,facebookresearch/SentEval,README.md,2017-07-10 15:50:02-07:00,"['2.) batcher(params, batch)']","['2.) batcher(batch, params)']",[]
43,facebookresearch/SentEval,README.md,2017-08-16 06:26:29-07:00,['Learning Visually Grounded Sentence Representations'],[],"['@article{kiela2017learning,']"
43,facebookresearch/SentEval,README.md,2017-12-19 09:44:07-08:00,['License'],[],[]
43,facebookresearch/SentEval,README.md,2017-12-26 12:25:46-08:00,"['SentEval - evaluation tool for sentence embeddings', 'Transfer tasks', 'How to use SentEval: examples', 'How to use SentEval', '3.) set parameters and define your classifier', '4.) evaluation on transfer tasks', 'SentEval parameters (fast version)', 'senteval parameters']","['SentEval', 'Tasks', 'Example (average word2vec) : examples/bow.py', 'How SentEval works', '3.) evaluation on transfer tasks', 'SentEval parameters']",[]
43,facebookresearch/SentEval,README.md,2017-12-26 12:36:09-08:00,[],['License'],[]
43,facebookresearch/SentEval,README.md,2017-12-26 12:52:29-08:00,['3.) evaluation on transfer tasks'],"['3.) set parameters and define your classifier', '4.) evaluation on transfer tasks']",[]
43,facebookresearch/SentEval,README.md,2017-12-26 12:57:10-08:00,['SentEval: evaluation toolkit for sentence embeddings'],['SentEval - evaluation tool for sentence embeddings'],[]
43,facebookresearch/SentEval,README.md,2017-12-26 13:29:46-08:00,[],['Learning Visually Grounded Sentence Representations'],[]
43,facebookresearch/SentEval,README.md,2017-12-28 02:47:23-08:00,['SentEval parameters'],['SentEval parameters (fast version)'],[]
43,facebookresearch/SentEval,README.md,2018-04-22 08:16:25-06:00,"['Downstream tasks', 'Probing tasks']",[],[]
43,facebookresearch/SentEval,README.md,2018-05-23 10:56:53-06:00,"['SentEval: An Evaluation Toolkit for Universal Sentence Representations', 'Related work']",['Supervised Learning of Universal Sentence Representations from Natural Language Inference Data'],"['@article{conneau2018senteval,']"
43,facebookresearch/SentEval,README.md,2018-10-04 05:02:28-07:00,['examples/skipthought.py - examples/gensen.py - examples/googleuse.py'],[],[]
44,sebastianarnold/WikiSection,README.md,2019-01-28 16:19:16+01:00,"['WikiSection Dataset', 'Data Set Overview', 'Data Format', 'Example JSON', 'Table of Class Labels', 'Credit', 'License']",[],[]
44,sebastianarnold/WikiSection,README.md,2020-01-31 16:05:28+01:00,[],[],"['@article{arnold2019sector,']"
45,eugenesiow/piotre,README.md,2016-07-05 13:35:10+01:00,"['PIOTRe', 'sparql2sql Server', 'Other Projects']",[],[]
45,eugenesiow/piotre,README.md,2016-07-05 14:11:32+01:00,[],['sparql2sql Server'],[]
46,abel-research/openlimb,README.md,2022-10-05 10:38:11+01:00,['openlimb'],[],[]
46,abel-research/openlimb,README.md,2022-10-05 17:09:26+01:00,[],[],['**DOI:** [![DOI](https://img.shields.io/badge/doi-TBC-brightgreen)](TBC)']
46,abel-research/openlimb,README.md,2022-11-17 19:08:00+00:00,['OpenLimb'],['openlimb'],[]
46,abel-research/openlimb,README.md,2023-04-14 14:56:50+01:00,[],[],"['**DOI:** [![DOI](https://img.shields.io/badge/doi-10.1097/pxr.0000000000000240-brightgreen)](https://doi.org/10.1097/pxr.0000000000000240)', '**DOI:** [![DOI](https://img.shields.io/badge/doi-10.1097/pxr.0000000000000240-brightgreen)](https://doi.org/10.1097/pxr.0000000000000240)', 'OpenLimb has been accepted for presentation at the 2023 International Society for Prosthetics & Orthotics World Congress, for which the abstract is published in a special issue of the journal Prosthetics & Orthotics International, available at https://doi.org/10.1097/pxr.0000000000000240.']"
47,AshwathyTR/IDN-Sum,README.md,2022-05-15 16:27:19+01:00,['IDN-Sum'],[],[]
47,AshwathyTR/IDN-Sum,README.md,2022-06-15 20:40:51+01:00,['Usage:'],[],[]
47,AshwathyTR/IDN-Sum,README.md,2022-06-16 18:32:37+01:00,"['Support for game mechanics:', 'Limitations:']",[],[]
47,AshwathyTR/IDN-Sum,README.md,2022-06-16 18:35:27+01:00,['Limitations:'],['Limitations:'],[]
47,AshwathyTR/IDN-Sum,README.md,2022-06-16 18:59:10+01:00,['Usage:'],['Usage:'],[]
47,AshwathyTR/IDN-Sum,README.md,2022-06-29 16:32:51+01:00,"['Models:', 'Results:']",[],[]
47,AshwathyTR/IDN-Sum,README.md,2022-09-02 11:51:52+01:00,['Generating extractive summaries automatically'],[],[]
47,AshwathyTR/IDN-Sum,README.md,2022-09-02 12:13:30+01:00,[],['Generating extractive summaries automatically'],[]
47,AshwathyTR/IDN-Sum,README.md,2022-09-13 21:48:45+01:00,['Implementation'],[],[]
47,AshwathyTR/IDN-Sum,README.md,2022-09-15 18:24:56+01:00,['References:'],[],[]
47,AshwathyTR/IDN-Sum,README.md,2022-09-15 18:27:25+01:00,['References:'],['References:'],[]
47,AshwathyTR/IDN-Sum,README.md,2022-09-15 22:42:59+01:00,['Contact:'],[],[]
47,AshwathyTR/IDN-Sum,README.md,2023-03-16 14:10:47+00:00,['Citation:'],[],[]
48,HHousen/TransformerSum,README.md,2020-04-05 22:03:43-04:00,"['TransformerExtSum', 'Pre-trained Models', 'Install', 'Step-by-Step Instructions', 'Supported Datasets', 'CNN/DM', 'Convert Abstractive to Extractive Dataset', 'Training an Extractive Summarization Model', 'Meta', 'Contributing']",[],[]
48,HHousen/TransformerSum,README.md,2020-04-07 00:39:41-04:00,"['Script Help', 'Automatic Preprocessing', 'Script Help']",[],[]
48,HHousen/TransformerSum,README.md,2020-04-18 14:12:12-04:00,['Experiments'],[],[]
48,HHousen/TransformerSum,README.md,2020-04-19 18:36:53-04:00,"['ROUGE Scores', 'Pooling Modes']",[],[]
48,HHousen/TransformerSum,README.md,2020-04-19 20:07:07-04:00,"['Difference from BertSum', 'Attributions']",[],[]
48,HHousen/TransformerSum,README.md,2020-04-20 21:09:09-04:00,"['Pooling Modes', 'Custom Models', 'Longformer']",['Pooling Modes'],[]
48,HHousen/TransformerSum,README.md,2020-04-23 22:49:05-04:00,"['CNN/DM ROUGE Scores', 'WikiHow', 'WikiHow ROUGE Scores']",['ROUGE Scores'],[]
48,HHousen/TransformerSum,README.md,2020-06-20 14:04:39-04:00,"['TransformerSum', 'Difference from BertSum/PreSumm']","['TransformerExtSum', 'Longformer', 'Difference from BertSum']",[]
48,HHousen/TransformerSum,README.md,2020-06-21 00:39:15-04:00,"['Pre-trained Models', 'Extractive', 'Abstractive']","['Pre-trained Models', 'CNN/DM', 'CNN/DM ROUGE Scores', 'WikiHow', 'WikiHow ROUGE Scores', 'arXiv-PubMed', 'arXiv-PubMed ROUGE Scores', 'Supported Datasets', 'CNN/DM', 'WikiHow', 'PubMed/ArXiv', 'Convert Abstractive to Extractive Dataset', 'Script Help', 'Training an Extractive Summarization Model', 'Automatic Preprocessing', 'Pooling Modes', 'Custom Models', 'Script Help', 'Experiments', 'Difference from BertSum/PreSumm']",[]
48,HHousen/TransformerSum,README.md,2020-07-05 21:17:41-04:00,['Features'],[],[]
50,WalterZWang/AlphaBuilding-MedOffice,README.md,2021-04-19 10:15:56-07:00,['AlphaBuilding-MedOffice'],[],[]
50,WalterZWang/AlphaBuilding-MedOffice,README.md,2021-04-19 10:20:51-07:00,"['Structure', 'Test']",[],[]
50,WalterZWang/AlphaBuilding-MedOffice,README.md,2021-04-19 17:54:33-07:00,"['Overview', 'Code Usage', 'Clone repository', 'Test the environment', 'Repository structure', 'Running', 'Interface', 'Application', 'Kalman Filter', 'MPC for single TCL', 'PSBC for 1000 TCLs', 'ADMM for 100 TCLs', 'Feedback', 'Citation']","['Structure', 'Test']","['url = {https://doi.org/10.1145/3408308.3427980},']"
50,WalterZWang/AlphaBuilding-MedOffice,README.md,2021-04-19 21:37:03-07:00,[],"['MPC for single TCL', 'PSBC for 1000 TCLs', 'ADMM for 100 TCLs']",[]
50,WalterZWang/AlphaBuilding-MedOffice,README.md,2021-05-02 11:59:11-07:00,"['Environment initialization', 'States, actions, and info/comments', 'Methods']",[],[]
51,xiongbo010/QGCN,README.md,2022-09-23 23:03:22+02:00,['QGCN'],[],[]
51,xiongbo010/QGCN,README.md,2022-09-23 21:12:37+00:00,"['Pseudo-Riemannian Graph Convolutional Networks', 'Requirements', 'Training, evaluation and results', 'Citation', 'Some of the code was forked from the following repositories', 'Contributing']",['QGCN'],[]
52,andrewtarzia/cage_datasets,README.md,2020-05-28 15:46:48+01:00,['cage_datasets'],[],[]
53,yoqim/TBLD,README.md,2023-04-21 00:58:32+01:00,"['Learning Transformation-Invariant Local Descriptors With Low-Coupling Binary Codes', 'Training', 'How to run?', 'Testing']",[],"['@article{miao2021learning,']"
54,uos/mesh_navigation,README.md,2019-02-20 17:39:11+01:00,['mesh_navigation'],[],[]
54,uos/mesh_navigation,README.md,2019-04-16 16:30:44+02:00,"['Prerequisits', 'github repositories', 'software', 'Launch', 'RVIZ']",[],[]
54,uos/mesh_navigation,README.md,2019-10-02 15:38:49+02:00,"['Mesh Navigation', 'Software', 'Usage', 'Launch', 'RVIZ']","['mesh_navigation', 'github repositories', 'software', 'Launch', 'RVIZ']",[]
54,uos/mesh_navigation,README.md,2020-04-30 18:45:16+02:00,"['Installation from Repository', 'Pluto in Simulation', 'Mesh Navigation Stack', 'Mesh Navigation Demo', 'Botanical Garden at Osnabrück University', 'Demo Video Botanical Garden', 'Stone Pit', 'Colored Point Cloud', 'Height Diff Layer', 'Mesh RGB Vertex Colors', 'Run Mesh Navigation in Simulation', 'Outdoor Environments', 'Path Planning and Motion Control', 'Wave Front Planner', 'Dijkstra Mesh Planner', '2D Planner on 2.5 Digital Elevation Map (DEM)']","['Prerequisits', 'Software', 'Usage', 'Launch']",[]
54,uos/mesh_navigation,README.md,2020-11-10 17:07:10+01:00,['Stone Quarry'],['Stone Pit'],[]
54,uos/mesh_navigation,README.md,2020-11-10 20:03:48+01:00,"['Installation from Repository', 'Botanical Garden at Osnabrück University', 'Available Costlayers']","['Installation from Repository', 'Botanical Garden at Osnabrück University']",[]
54,uos/mesh_navigation,README.md,2020-11-10 20:13:33+01:00,"['Installation', 'Simulation', 'Demos', 'Botanical Garden at Osnabrück University', 'Stone Quarry in the Forest in Brockum', 'Path Planning and Motion Control', 'Mesh Map', 'Mesh Layers', 'Overview of all layers', 'Example layer configuration ####', 'Planners', 'Usage with Move Base Flex', 'Dijkstra Mesh Planner', 'Vector Field Planner', 'MMP Planner', 'Controllers']","['Installation from Repository', 'Pluto in Simulation', 'Mesh Navigation Demo', 'Botanical Garden at Osnabrück University', 'Demo Video Botanical Garden', 'Stone Quarry', 'Colored Point Cloud', 'Height Diff Layer', 'Mesh RGB Vertex Colors', 'Run Mesh Navigation in Simulation', 'RVIZ', 'Outdoor Environments', 'Path Planning and Motion Control', 'Wave Front Planner', 'Dijkstra Mesh Planner', '2D Planner on 2.5 Digital Elevation Map (DEM)']",[]
54,uos/mesh_navigation,README.md,2020-11-10 22:09:10+01:00,['Software Stack'],['Mesh Navigation Stack'],[]
54,uos/mesh_navigation,README.md,2020-11-14 20:51:56+01:00,['Build Status'],[],[]
54,uos/mesh_navigation,README.md,2021-04-12 16:36:25+02:00,"['Publications', 'Continuous Shortest Path Vector Field Navigation on 3D Triangular Meshes for Mobile Robots', 'Move Base Flex: A Highly Flexible Navigation Framework for Mobile Robots']",[],[]
54,uos/mesh_navigation,README.md,2021-10-18 18:25:40+02:00,['Continuous Vector Field Planner'],['Vector Field Planner'],[]
55,OctoMap/octomap,README.md,,,,
56,introlab/rtabmap,README.md,2017-03-22 21:23:10-04:00,['Docker'],[],[]
56,introlab/rtabmap,README.md,2017-03-22 22:24:57-04:00,[],['Docker'],[]
56,introlab/rtabmap,README.md,2018-09-30 16:13:04-04:00,['Acknowledgements'],[],[]
56,introlab/rtabmap,README.md,2022-10-09 12:22:09-07:00,['CI Latest'],[],[]
59,ADAC-UoN/PIMMS,README.md,,,,
60,AlexTS1980/COVID-Single-Shot-Model,README.md,2020-11-30 20:42:02+00:00,['COVID-Single-Shot-Model'],[],[]
60,AlexTS1980/COVID-Single-Shot-Model,README.md,2020-11-30 20:42:57+00:00,['COVID-Single-Shot-Model'],['COVID-Single-Shot-Model'],[]
60,AlexTS1980/COVID-Single-Shot-Model,README.md,2020-11-30 23:00:18+00:00,"['COVID-Single-Shot-Model Project', 'Single Shot Model:', 'The model', 'Region of Interest (RoI) module with two branches', 'RoI Batch To Feature Vector']",['COVID-Single-Shot-Model'],[]
60,AlexTS1980/COVID-Single-Shot-Model,README.md,2020-12-15 11:59:10+00:00,[],[],"['@article {Ter-Sarkisov2020.12.01.20241786,']"
60,AlexTS1980/COVID-Single-Shot-Model,README.md,2020-12-28 23:28:36+00:00,['Update 28/12/20'],[],[]
61,asolimando/logmap-conservativity,README.md,2016-05-01 11:11:23+02:00,['logmap-conservativity'],[],[]
62,philgooch/BADREX-Biomedical-Abbreviation-Expander,README.md,,,,
63,jordan-bird/synthetic-fruit-image-generator,README.md,2021-03-18 00:46:44+00:00,['synthetic-lemon-image-generator'],[],[]
63,jordan-bird/synthetic-fruit-image-generator,README.md,2021-03-18 00:53:25+00:00,"[':lemon: Synthetic Lemon Image Generator :lemon:', ':lemon: What does this code do? :lemon:', ':lemon: How do I use this? :lemon:', ':lemon: References :lemon:']",['synthetic-lemon-image-generator'],[]
63,jordan-bird/synthetic-fruit-image-generator,README.md,2021-03-18 01:00:26+00:00,"[':lemon: Requirements :lemon:', ':lemon: Training info :lemon:']",[],[]
63,jordan-bird/synthetic-fruit-image-generator,README.md,2021-03-18 01:10:43+00:00,[':lemon: Licensing :lemon:'],[],[]
63,jordan-bird/synthetic-fruit-image-generator,README.md,2021-03-19 19:34:09+00:00,[':lemon: Synthetic Lemon Fruit Image Generator :lemon:'],[':lemon: Synthetic Lemon Image Generator :lemon:'],[]
63,jordan-bird/synthetic-fruit-image-generator,README.md,2021-03-22 23:31:58+00:00,[':lemon: Analysis :lemon:'],[],[]
64,fcampelo/OrgSpec-paper,README.md,2021-02-13 11:12:18+00:00,['OrgSpec paper'],[],[]
64,fcampelo/OrgSpec-paper,README.md,2021-04-14 12:55:35+01:00,['How to re-run the experiment:'],[],[]
65,fcampelo/epitopes,README.md,2023-04-13 15:19:59+01:00,"['epitopes package', 'Authors:', 'Contributors:', 'Current version:', 'Upcoming:', 'Usage']",[],[]
66,mozilla/TTS,README.md,2018-01-22 01:48:59-08:00,"['Tacotron-pytorch', 'Requirements', 'Data', 'File description', 'Training the network', 'Generate TTS wav file', 'Samples', 'Reference', 'Comments']",[],[]
66,mozilla/TTS,README.md,2018-01-23 14:18:09+01:00,['Tacotron (Work in Progress...)'],"['Tacotron-pytorch', 'Samples', 'Reference', 'Comments']",[]
66,mozilla/TTS,README.md,2018-01-23 15:20:13+01:00,['TTS (Work in Progress...)'],['Tacotron (Work in Progress...)'],[]
66,mozilla/TTS,README.md,2018-01-23 15:20:13+01:00,['TTS (Work in Progress...)'],['Tacotron (Work in Progress...)'],[]
66,mozilla/TTS,README.md,2018-01-23 15:28:12+01:00,[],"['File description', 'Generate TTS wav file']",[]
66,mozilla/TTS,README.md,2018-01-23 15:28:12+01:00,[],"['File description', 'Generate TTS wav file']",[]
66,mozilla/TTS,README.md,2018-02-22 14:22:27+01:00,"['Testing', 'Contribution']",[],[]
66,mozilla/TTS,README.md,2018-02-27 06:25:28-08:00,['TODO'],[],[]
66,mozilla/TTS,README.md,2018-02-27 06:25:55-08:00,['TODO'],[],[]
66,mozilla/TTS,README.md,2018-04-03 12:02:47+02:00,['Audio Samples'],[],[]
66,mozilla/TTS,README.md,2018-04-04 15:21:58+02:00,['Precursor implementations'],[],[]
66,mozilla/TTS,README.md,2018-04-12 13:56:46+02:00,['Checkpoints'],[],[]
66,mozilla/TTS,README.md,2018-04-16 21:17:44+02:00,['Checkpoints and Audio Samples'],"['Audio Samples', 'Checkpoints']",[]
66,mozilla/TTS,README.md,2018-04-29 14:53:53+02:00,['References'],[],[]
66,mozilla/TTS,README.md,2018-05-10 15:40:34-07:00,"['Checkpoints and Audio Samples', 'References']","['Audio Samples', 'Checkpoints']",[]
66,mozilla/TTS,README.md,2018-05-25 05:51:14-07:00,['Training and Finetunning'],['Training the network'],[]
66,mozilla/TTS,README.md,2018-09-27 15:10:15+02:00,"['TTS', 'Requirements and Installation', 'Example Model Outputs', 'Training and Fine-tuning', 'What is new with TTS']","['TTS (Work in Progress...)', 'Requirements', 'Training and Finetunning', 'Contribution', 'TODO']",[]
66,mozilla/TTS,README.md,2018-10-02 13:59:41+02:00,['Runtime'],[],[]
66,mozilla/TTS,README.md,2018-10-17 15:47:40+02:00,"['Problems waits to be solved based on LJSpeech Dataset', 'Major TODOs']",[],[]
66,mozilla/TTS,README.md,2018-10-17 15:47:40+02:00,"['Problems waiting to be solved, based on LJSpeech Dataset', 'Major TODOs']",[],[]
66,mozilla/TTS,README.md,2018-12-11 15:50:58+01:00,"['Training and Fine-tuning LJ-Speech', 'Problems waiting to be solved.']","['Training and Fine-tuning', 'Problems waiting to be solved, based on LJSpeech Dataset']",[]
66,mozilla/TTS,README.md,2018-12-18 01:30:15+01:00,['Datasets and Data-Loading'],['Data'],[]
66,mozilla/TTS,README.md,2018-12-24 12:30:59-05:00,['Docker'],[],[]
66,mozilla/TTS,README.md,2018-12-18 01:30:15+01:00,['Datasets and Data-Loading'],['Data'],[]
66,mozilla/TTS,README.md,2018-12-31 14:47:53+01:00,"['Logging', 'TODO']",[],[]
66,mozilla/TTS,README.md,2019-01-21 15:05:16+01:00,[],"['Logging', 'TODO']",[]
66,mozilla/TTS,README.md,2019-02-12 15:59:10+01:00,[],['TTS'],[]
66,mozilla/TTS,README.md,2019-04-12 16:53:39+02:00,[],['Problems waiting to be solved.'],[]
66,mozilla/TTS,README.md,2019-05-01 00:56:58+02:00,['TTS Performance'],[],[]
66,mozilla/TTS,README.md,2019-05-02 17:03:52+02:00,['Contact/Getting Help'],[],[]
66,mozilla/TTS,README.md,2019-05-02 17:04:16+02:00,['Contact/Getting Help'],[],[]
66,mozilla/TTS,README.md,2019-05-28 14:25:02+02:00,[],"['What is new with TTS', 'References']",[]
66,mozilla/TTS,README.md,2019-07-11 15:36:25+02:00,['References'],['Precursor implementations'],[]
66,mozilla/TTS,README.md,2019-07-19 12:37:35+02:00,['Contribution guidelines'],[],[]
66,mozilla/TTS,README.md,2019-07-19 12:37:35+02:00,['Contribution guidelines'],[],[]
66,mozilla/TTS,README.md,2019-07-22 20:58:45+02:00,['Collaborative Experimentation Guide'],[],[]
66,mozilla/TTS,README.md,2019-12-11 11:02:39+01:00,['Utilities under this Project'],[],[]
66,mozilla/TTS,README.md,2020-02-11 16:52:06+01:00,['[Contact/Getting Help](https://github.com/mozilla/TTS/wiki/Contact-and-Getting-Help)'],['Contact/Getting Help'],[]
66,mozilla/TTS,README.md,2020-02-13 16:53:16+01:00,['[Testing and Examples](https://github.com/mozilla/TTS/wiki/Examples-using-TTS)'],['Testing'],[]
66,mozilla/TTS,README.md,2020-05-20 16:44:52+02:00,['Features'],['Utilities under this Project'],[]
66,mozilla/TTS,README.md,2020-06-04 14:26:51+02:00,['TTS Performance'],['TTS Performance'],[]
66,mozilla/TTS,README.md,2020-06-04 14:26:51+02:00,['TTS Performance'],['TTS Performance'],[]
66,mozilla/TTS,README.md,2020-06-19 15:56:02+02:00,['Directory Structure'],[],[]
66,mozilla/TTS,README.md,2020-06-19 16:53:37+02:00,['Provided Models and Methods'],[],[]
66,mozilla/TTS,README.md,2020-07-15 11:08:35+02:00,"['Main Requirements and Installation', '[Mozilla TTS Tutorials and Notebooks](https://github.com/mozilla/TTS/wiki/TTS-Notebooks-and-Tutorials)']","['Requirements and Installation', 'Runtime']",[]
66,mozilla/TTS,README.md,2020-07-15 11:15:26+02:00,[],['[Testing and Examples](https://github.com/mozilla/TTS/wiki/Examples-using-TTS)'],[]
66,mozilla/TTS,README.md,2020-07-17 12:56:42+02:00,"['Release Models', 'Sample Model Output']","['Checkpoints and Audio Samples', 'Example Model Outputs']",[]
66,mozilla/TTS,README.md,2020-09-22 13:10:59+02:00,['Acknowledgement'],['References'],[]
66,mozilla/TTS,README.md,2020-12-06 15:01:22+01:00,['[TTS Tutorials and Notebooks](https://github.com/mozilla/TTS/wiki/TTS-Notebooks-and-Tutorials)'],['[Mozilla TTS Tutorials and Notebooks](https://github.com/mozilla/TTS/wiki/TTS-Notebooks-and-Tutorials)'],[]
66,mozilla/TTS,README.md,2021-01-06 14:46:28+01:00,"['TTS: Text-to-Speech for all.', '💬 Where to ask questions', '🥇 TTS Performance', 'Implemented Models', 'Text-to-Spectrogram', 'Attention Methods', 'Speaker Encoder', 'Vocoders', 'Install TTS', 'Released Models', '[TTS Tutorials and Notebooks](https://github.com/mozilla/TTS/wiki/TTS-Notebooks-and-Tutorials)']","['TTS Performance', 'Provided Models and Methods', 'Main Requirements and Installation', 'Release Models', '[Mozilla TTS Tutorials and Notebooks](https://github.com/mozilla/TTS/wiki/TTS-Notebooks-and-Tutorials)']",[]
66,mozilla/TTS,README.md,2021-01-11 02:12:08+01:00,"['🔗 Links and Resources', 'Directory Structure', 'Example: Training and Fine-tuning LJ-Speech Dataset']","['Directory Structure', 'Docker', 'Released Models', '[TTS Tutorials and Notebooks](https://github.com/mozilla/TTS/wiki/TTS-Notebooks-and-Tutorials)', 'Training and Fine-tuning LJ-Speech', '[Contact/Getting Help](https://github.com/mozilla/TTS/wiki/Contact-and-Getting-Help)']",[]
66,mozilla/TTS,README.md,2021-01-11 15:05:51+01:00,"['🔗 Links and Resources', 'Directory Structure', 'Example: Training and Fine-tuning LJ-Speech Dataset']","['Directory Structure', 'Docker', 'Released Models', '[TTS Tutorials and Notebooks](https://github.com/mozilla/TTS/wiki/TTS-Notebooks-and-Tutorials)', 'Training and Fine-tuning LJ-Speech', '[Contact/Getting Help](https://github.com/mozilla/TTS/wiki/Contact-and-Getting-Help)']",[]
66,mozilla/TTS,README.md,2021-01-13 10:11:23+00:00,[],"['Provided Models and Methods', '[TTS Tutorials and Notebooks](https://github.com/mozilla/TTS/wiki/TTS-Notebooks-and-Tutorials)']",[]
66,mozilla/TTS,README.md,2021-01-22 02:30:32+01:00,['Example: Synthesizing Speech on Terminal Using the Released Models.'],[],[]
66,mozilla/TTS,README.md,2021-02-12 11:36:31+01:00,['Contribution Guidelines'],['Contribution guidelines'],[]
67,vangiel/WheresTheFellow,README.md,2020-05-03 20:57:05+02:00,['Calibration'],[],[]
67,vangiel/WheresTheFellow,README.md,2020-05-05 11:44:36+02:00,['WheresTheFellow'],['Calibration'],[]
69,fcampelo/MOEADr,README.md,2016-06-23 15:50:15-03:00,['MOEA/Dr package'],[],[]
69,fcampelo/MOEADr,README.md,2016-12-12 22:57:27-02:00,['MOEADr package'],['MOEA/Dr package'],[]
69,fcampelo/MOEADr,README.md,2017-03-15 23:41:31-03:00,"['install.packages(""devtools"")']",[],[]
69,fcampelo/MOEADr,README.md,2017-03-18 14:53:22-03:00,['Example'],[],[]
70,DiUS/java-faker,README.md,,,,
71,mondo-project/mondo-hawk,README.md,2015-07-01 14:53:20+01:00,"['Clone this Git repository on your Eclipse instance (e.g. using `git clone` or EGit) and import all projects into the workspace (File > Import > Existing Projects into Workspace).', 'Clone the [MONDIX repository](https://github.com/FTSRG/mondo-mondix) and import the `eu.mondo.mondix.interfaces` project into the workspace.', 'Import the following projects from [the MONDO Modelio 3.2 SVN repository](https://opensourceprojects.eu/svn/p/mondo/code/trunk/modelio) using the ""SVN Repositories"" view in the ""SVN Repository Exploring"" perspective:', 'Open the `org.hawk.targetplatform/org.hawk.targetplatform.target` file, wait for the target definition to be resolved and click on `Set as Target Platform`.', 'Close the `_hawk_runtime_example` project (it is an example project running Hawk in standalone mode) if you do not need it.', ""Close the experimental `org.hawk.epsilon.queryaware` project if you do not need it. If you do, you'll need to import the `StaticAnalysis` projects within [epsilonlabs](https://github.com/epsilonlabs/epsilonlabs) and the [effectivemetamodel](https://github.com/wrwei/org.eclipse.epsilon.labs.effectivemetamodel) project."", 'Download Neo4J 2.0.1 (see above link, or try these quick links: [Linux/Mac](http://info.neotechnology.com/download-thanks.html?edition=community&release=2.0.1&flavour=unix), [Windows 64 bits](http://info.neotechnology.com/download-thanks.html?edition=community&release=2.0.1&architecture=x64), [Windows 32 bits](http://info.neotechnology.com/download-thanks.html?edition=community&release=2.0.1&architecture=x32)), unpack the ZIP file and place all the `.jar` files in `lib` into `org.hawk.neo4j-v2.dependencies/2.0.1`. The libraries should appear within `Referenced Libraries`, and they should be marked to be reexported (Project menu > Properties > Java Build Path > Order and Export).', 'Force a full rebuild with `Project > Clean... > Clean all projects` if you still have errors.']",[],[]
71,mondo-project/mondo-hawk,README.md,2015-07-01 14:56:32+01:00,[],"['Clone this Git repository on your Eclipse instance (e.g. using `git clone` or EGit) and import all projects into the workspace (File > Import > Existing Projects into Workspace).', 'Clone the [MONDIX repository](https://github.com/FTSRG/mondo-mondix) and import the `eu.mondo.mondix.interfaces` project into the workspace.', 'Import the following projects from [the MONDO Modelio 3.2 SVN repository](https://opensourceprojects.eu/svn/p/mondo/code/trunk/modelio) using the ""SVN Repositories"" view in the ""SVN Repository Exploring"" perspective:', 'Open the `org.hawk.targetplatform/org.hawk.targetplatform.target` file, wait for the target definition to be resolved and click on `Set as Target Platform`.', 'Close the `_hawk_runtime_example` project (it is an example project running Hawk in standalone mode) if you do not need it.', ""Close the experimental `org.hawk.epsilon.queryaware` project if you do not need it. If you do, you'll need to import the `StaticAnalysis` projects within [epsilonlabs](https://github.com/epsilonlabs/epsilonlabs) and the [effectivemetamodel](https://github.com/wrwei/org.eclipse.epsilon.labs.effectivemetamodel) project."", 'Force a full rebuild with `Project > Clean... > Clean all projects` if you still have errors.']",[]
71,mondo-project/mondo-hawk,README.md,2015-07-01 14:58:25+01:00,[],"['Download Neo4J 2.0.1 (see above link, or try these quick links: [Linux/Mac](http://info.neotechnology.com/download-thanks.html?edition=community&release=2.0.1&flavour=unix), [Windows 64 bits](http://info.neotechnology.com/download-thanks.html?edition=community&release=2.0.1&architecture=x64), [Windows 32 bits](http://info.neotechnology.com/download-thanks.html?edition=community&release=2.0.1&architecture=x32)), unpack the ZIP file and place all the `.jar` files in `lib` into `org.hawk.neo4j-v2.dependencies/2.0.1`. The libraries should appear within `Referenced Libraries`, and they should be marked to be reexported (Project menu > Properties > Java Build Path > Order and Export).']",[]
72,atlanmod/Mogwai,README.md,2015-02-03 16:07:23+01:00,['Mogwai'],[],[]
72,atlanmod/Mogwai,README.md,2015-02-27 13:55:09+01:00,['Mogwaï'],['Mogwai'],[]
72,atlanmod/Mogwai,README.md,2015-03-13 15:36:01+01:00,['Installation'],[],[]
72,atlanmod/Mogwai,README.md,2015-05-21 15:43:14+02:00,['Issues'],[],[]
72,atlanmod/Mogwai,README.md,2016-09-15 14:19:54+02:00,"['<img src=""http://atlanmod.github.io/Mogwai/resources/Mogwai_logo.png"" width=""70"" />&nbsp;Mogwaï']",['Mogwaï'],[]
72,atlanmod/Mogwai,README.md,2017-04-24 13:09:04+02:00,"['Important', 'Documentation']",[],[]
72,atlanmod/Mogwai,README.md,2018-08-06 13:05:23+02:00,['News: Validation Benchmark'],['Important'],[]
74,quitadal/EPINETLAB,README.md,2017-10-03 15:38:18+01:00,['EPINETLAB'],[],[]
75,NeuroanatomyAndConnectivity/broca,README.md,2015-03-30 18:47:33+02:00,['broca'],[],[]
76,NeuroanatomyAndConnectivity/nki_nilearn,README.md,2016-02-24 19:31:50+01:00,['nki_nilearn'],[],[]
76,NeuroanatomyAndConnectivity/nki_nilearn,README.md,2016-02-24 20:10:52+01:00,['Shoutout to [Brainhack 2016](http://brainhack.org/brainhackparis/)'],[],[]
77,bernuly/VCSimulinkTlbx,README.md,2016-05-13 18:09:11-07:00,['VCSimulinkTbx'],[],[]
77,bernuly/VCSimulinkTlbx,README.md,2016-05-13 18:18:10-07:00,['VCSimulinkTlbx'],['VCSimulinkTbx'],[]
77,bernuly/VCSimulinkTlbx,README.md,2016-05-13 18:47:37-07:00,"['Installation ##', 'Adding a Simulink library to the browser ###', 'Documentation for Blocks ##', 'Gaze controller ###']",[],[]
78,BryanHunt/mongo-emf,README.md,2014-06-09 09:36:29-05:00,['Donating'],[],[]
80,lushv/geolabel-service,README.md,,,,
81,52North/GEO-label-java,README.md,2013-10-24 15:47:59+02:00,"['Client', 'JSF', 'Server', 'Commons']",[],[]
81,52North/GEO-label-java,README.md,2013-12-18 17:52:13+01:00,"['Modules', 'Transformation Rules']",[],[]
81,52North/GEO-label-java,README.md,2014-02-13 12:14:09+01:00,"['The GEO label', 'The GEO label API', 'Transformation Rules/Mappings', 'Contact', 'License']",['Transformation Rules'],[]
81,52North/GEO-label-java,README.md,2019-08-21 11:41:47+02:00,"['Client', 'JSF', 'Server', 'Commons']","['Client', 'JSF', 'Server', 'Commons']",[]
81,52North/GEO-label-java,README.md,2019-10-14 10:12:19+02:00,"['GEO-label-java', 'The GEO label API', 'Project Modules', 'Development', 'Build', 'Run server locally', 'Tests', 'License headers and NOTICE']","['The GEO label API', 'Modules']",[]
81,52North/GEO-label-java,README.md,2019-12-10 22:12:46+01:00,"['Deployment', 'Deployment with Google Cloud Run', 'Deployment with ...........']",[],[]
81,52North/GEO-label-java,README.md,2020-01-20 09:21:28+01:00,['tl;dr'],[],[]
81,52North/GEO-label-java,README.md,2020-01-20 09:56:02+01:00,['Deployment with AWS Lambda'],['Deployment with ...........'],[]
81,52North/GEO-label-java,README.md,2020-01-20 13:23:21+01:00,"['[WIP] Deployment with AWS Lambda', 'With Jersey', 'With handler function']",['Deployment with AWS Lambda'],[]
81,52North/GEO-label-java,README.md,2020-01-21 15:15:21+01:00,['~~With Jersey~~'],['With Jersey'],[]
81,52North/GEO-label-java,README.md,2020-02-03 19:36:38+01:00,['JMeter Test Plan'],[],[]
81,52North/GEO-label-java,README.md,2020-02-04 13:28:56+01:00,[],"['With handler function', '~~With Jersey~~']",[]
82,EPiCS/CamSim,README.md,2013-07-05 10:23:36+02:00,['Tutorials'],[],[]
82,EPiCS/CamSim,README.md,2013-07-05 10:23:36+02:00,['Tutorials'],[],[]
83,masakhane-io/masakhane-news,README.md,2022-12-23 13:28:58+00:00,['masakhane-news'],[],[]
83,masakhane-io/masakhane-news,README.md,2023-04-21 10:17:34+02:00,"['MasakhaNEWS: News Topic Classification for African Languages', 'Languages', 'Data Splits', 'Data Usage', 'Please, specify the language code', 'A data point example is below:', 'cite']",['masakhane-news'],"['@article{Adelani2023MasakhaNEWS,']"
83,masakhane-io/masakhane-news,README.md,2023-04-21 09:22:14+01:00,"['MasakhaNEWS', 'BibTeX entry and citation info']",['masakhane-news'],[]
84,zdai257/DeepAoANet,README.md,2021-06-06 00:56:19+01:00,['GPS-LoRa RX postprocessing and A data-driven AOA method'],[],[]
84,zdai257/DeepAoANet,README.md,2021-10-17 20:54:27+01:00,['DeepAOANet'],['GPS-LoRa RX postprocessing and A data-driven AOA method'],[]
84,zdai257/DeepAoANet,README.md,2021-11-26 16:07:40+00:00,['DeepAoANet'],['DeepAOANet'],[]
84,zdai257/DeepAoANet,README.md,2022-11-03 21:08:00+00:00,"['Usage', 'OR', 'OR', 'Performance']",[],[]
85,FlorianSteinberg/incone,README.md,,,,
86,google-research/bert,README.md,2018-10-31 08:19:12-07:00,"['BERT', 'Introduction', 'What is BERT?', 'What has been released in this repository?', 'Pre-trained models', 'Fine-tuning with BERT', 'Fine-tuning with Cloud TPUs', 'Sentence (and sentence-pair) classification tasks', 'SQuAD', 'Out-of-memory issues', 'Using BERT to extract fixed feature vectors (like ELMo)', 'Sentence A and Sentence B are separated by the ||| delimiter.', ""For single sentence inputs, don't use the delimiter."", 'Tokenization', 'Input', 'Output', 'Token map will be an int -> int mapping between the `orig_tokens` index and', 'the `bert_tokens` index.', 'bert_tokens == [""[CLS]"", ""john"", ""johan"", ""##son"", ""\'"", ""s"", ""house"", ""[SEP]""]', 'orig_to_tok_map == [1, 2, 4, 6]', 'Pre-training with BERT', 'Pre-training tips and caveats', 'Pre-training data', 'Learning a new WordPiece vocabulary', 'Using BERT in Colab', 'FAQ', 'Is this code compatible with Cloud TPUs? What about GPUs?', 'I am getting out-of-memory errors, what is wrong?', 'Is there a PyTorch version available?', 'Will models in other languages be released?', 'Will models larger than `BERT-Large` be released?', 'What license is this library released under?', 'How do I cite BERT?', 'Disclaimer', 'Contact information']",[],"['@article{devlin2018bert,']"
86,google-research/bert,README.md,2018-11-05 13:34:49-08:00,['Prediction from classifier'],[],[]
86,google-research/bert,README.md,2018-11-07 10:30:56-08:00,['Is there a Chainer version available?'],[],[]
86,google-research/bert,README.md,2018-11-07 12:16:25-08:00,"['Sentence A and Sentence B are separated by the ||| delimiter for sentence', 'pair tasks like question answering and entailment.', ""For single sentence inputs, put one sentence per line and DON'T use the"", 'delimiter.']","['Sentence A and Sentence B are separated by the ||| delimiter.', ""For single sentence inputs, don't use the delimiter.""]",[]
86,google-research/bert,README.md,2018-11-15 15:39:59-08:00,"['SQuAD 1.1', 'SQuAD 2.0']",['SQuAD'],[]
86,google-research/bert,README.md,2020-03-11 11:02:42-04:00,[],[],"['@article{turc2019,']"
87,thunlp/OpenCLaP,README.md,2019-07-01 10:23:06+08:00,['OpenCLaP'],[],[]
87,thunlp/OpenCLaP,README.md,2019-07-01 10:24:20+08:00,"['OpenCLaP：多领域开源中文预训练语言模型仓库', '目录', '项目简介', '模型概览', '使用方式']",['OpenCLaP'],[]
87,thunlp/OpenCLaP,README.md,2019-07-01 10:27:09+08:00,['项目网站'],[],[]
87,thunlp/OpenCLaP,README.md,2019-07-02 20:33:08+08:00,['作者与致谢'],[],[]
87,thunlp/OpenCLaP,README.md,2019-11-27 15:59:07+08:00,['引用'],[],[]
88,SigmaLabResearch/Gaze-Enabled-Histopathology,README.md,2022-02-01 22:03:26+03:00,['Gaze-Enabled-Histopathology'],[],[]
89,SigmaLabResearch/Visnotate,README.md,2022-02-01 22:48:15+03:00,"['VISNOTATE: An Opensource tool for Gaze-based Annotation of WSI Data', 'Introduction', 'Requirements', 'Installation and Setup', 'Supported Hardware and Software', 'Screenshots', 'The Visnotate Interface', 'Collected Gazepoints', 'Generated Heatmap', 'Reference']",[],[]
90,brunneis/ilab-erisk-2020,README.md,2020-07-26 00:57:47+02:00,['ilab-erisk-2020'],[],[]
91,tharindudr/transquest,README.md,2020-03-13 15:48:47+00:00,['TransQuest : Transformer based Translation Quality Estimation.'],[],[]
91,tharindudr/transquest,README.md,2020-03-30 15:53:35+01:00,"['Installation', 'Run the examples', 'Romanian - English']",[],[]
91,tharindudr/transquest,README.md,2020-03-30 22:32:36+01:00,"['Russian - English', 'Sinhala - English']",[],[]
91,tharindudr/transquest,README.md,2020-03-31 19:18:47+01:00,"['TransQuest : Transformer based Translation Quality Estimation.', 'Installation', 'Run the examples', 'Romanian - English', 'Russian - English', 'English - German', 'Sinhala - English']","['TransQuest : Transformer based Translation Quality Estimation.', 'Installation', 'Run the examples', 'Romanian - English', 'Russian - English', 'Sinhala - English']",[]
91,tharindudr/transquest,README.md,2020-04-01 13:50:56+01:00,"['Estonian - English', 'English - Chinese']",[],[]
91,tharindudr/transquest,README.md,2020-04-01 19:17:03+01:00,['Nepalese - English'],[],[]
91,tharindudr/transquest,README.md,2020-06-08 12:45:20+01:00,"['Features', 'From Source', 'From pip', 'Minimal Start', 'TransQuest Model', 'SiameseTransQuest Model', 'Run the examples', 'Pre-trained models', 'Citation']","['Run the examples', 'Romanian - English', 'Russian - English', 'Estonian - English', 'English - Chinese', 'Nepalese - English', 'English - German', 'Sinhala - English']",[]
91,tharindudr/transquest,README.md,2020-06-08 17:46:13+01:00,[],"['Minimal Start', 'TransQuest Model', 'SiameseTransQuest Model']",[]
91,tharindudr/transquest,README.md,2020-07-01 15:58:37+01:00,['TransQuest Model Zoo'],['Pre-trained models'],[]
91,tharindudr/transquest,README.md,2020-07-01 16:02:32+01:00,['TransQuest : Translation Quality Estimation with Cross-lingual Transformers.'],['TransQuest : Transformer based Translation Quality Estimation.'],[]
91,tharindudr/transquest,README.md,2020-10-05 19:42:23+01:00,['Citations'],['Citation'],[]
91,tharindudr/transquest,README.md,2020-10-14 17:56:55+01:00,"['From pip', 'From Source', 'TransQuest Model Zoo']","['From Source', 'From pip', 'TransQuest Model Zoo']",[]
91,tharindudr/transquest,README.md,2021-03-19 17:42:01+00:00,"['TransQuest: Translation Quality Estimation with Cross-lingual Transformers', 'Features', 'Table of Contents', 'Resources']","['TransQuest : Translation Quality Estimation with Cross-lingual Transformers.', 'Features', 'Installation', 'From pip', 'From Source', 'Run the examples', 'TransQuest Model Zoo']",[]
92,ieee8023/covid-chestxray-dataset,README.md,2020-02-14 18:22:24-05:00,['pneumonia-chestxray-dataset'],[],[]
92,ieee8023/covid-chestxray-dataset,README.md,2020-03-01 21:23:39-05:00,['COVID-19 image data collection'],['pneumonia-chestxray-dataset'],[]
92,ieee8023/covid-chestxray-dataset,README.md,2020-03-02 13:37:11-05:00,"['COVID-19 image data collection', 'Motivation', 'Goal', 'Contact']",['COVID-19 image data collection'],[]
92,ieee8023/covid-chestxray-dataset,README.md,2020-03-02 13:41:59-05:00,['Contribute'],[],[]
92,ieee8023/covid-chestxray-dataset,README.md,2020-03-02 13:55:38-05:00,['View current [images](images) and [metadata](metadata.csv)'],[],[]
92,ieee8023/covid-chestxray-dataset,README.md,2020-03-13 11:30:57-04:00,['Initial results'],[],[]
92,ieee8023/covid-chestxray-dataset,README.md,2020-03-16 15:03:02-04:00,['Background'],[],[]
92,ieee8023/covid-chestxray-dataset,README.md,2020-03-23 01:00:33-04:00,['Citation'],[],"['@article{cohen2020covid,']"
92,ieee8023/covid-chestxray-dataset,README.md,2020-03-27 13:22:37-04:00,['🛑 Note: please do not claim diagnostic performance of a model without a clinical study! This is not a kaggle competition dataset.'],[],[]
92,ieee8023/covid-chestxray-dataset,README.md,2020-04-16 21:03:25-04:00,['COVID-19 image data collection ([🎬 video about the project](https://www.youtube.com/watch?v=ineWmqfelEQ))'],['COVID-19 image data collection'],[]
92,ieee8023/covid-chestxray-dataset,README.md,2020-04-24 18:09:20-04:00,"['🛑 Note: please do not claim diagnostic performance of a model without a clinical study! This is not a kaggle competition dataset.', 'Expected outcomes']","['🛑 Note: please do not claim diagnostic performance of a model without a clinical study! This is not a kaggle competition dataset.', 'Motivation']",[]
92,ieee8023/covid-chestxray-dataset,README.md,2020-05-15 14:24:12-04:00,['🛑 Note: please do not claim diagnostic performance of a model without a clinical study! This is not a kaggle competition dataset. [Please read this paper about evaluation issues: https://arxiv.org/abs/2004.12823](https://arxiv.org/abs/2004.12823)'],['🛑 Note: please do not claim diagnostic performance of a model without a clinical study! This is not a kaggle competition dataset.'],[]
92,ieee8023/covid-chestxray-dataset,README.md,2020-06-02 18:16:23-04:00,['🛑 Note: please do not claim diagnostic performance of a model without a clinical study! This is not a kaggle competition dataset. Please read this paper about evaluation issues: [https://arxiv.org/abs/2004.12823](https://arxiv.org/abs/2004.12823) and [https://arxiv.org/abs/2004.05405](https://arxiv.org/abs/2004.05405)'],['🛑 Note: please do not claim diagnostic performance of a model without a clinical study! This is not a kaggle competition dataset. [Please read this paper about evaluation issues: https://arxiv.org/abs/2004.12823](https://arxiv.org/abs/2004.12823)'],[]
92,ieee8023/covid-chestxray-dataset,README.md,2020-06-05 12:19:52-04:00,['License'],[],[]
92,ieee8023/covid-chestxray-dataset,README.md,2020-06-09 09:09:19-04:00,['Annotations'],[],[]
92,ieee8023/covid-chestxray-dataset,README.md,2020-06-22 21:17:32-04:00,['Citations'],"['Initial results', 'Citation']","['@article{cohen2020covidProspective,']"
92,ieee8023/covid-chestxray-dataset,README.md,2021-01-10 11:04:29-05:00,['View current [images](images) and [metadata](metadata.csv) and [a dataloader example](https://colab.research.google.com/drive/1A-gIZ6Xp-eh2b4CGS6BHH7-OgZtyjeP2)'],['View current [images](images) and [metadata](metadata.csv)'],[]
93,muellmusik/Utopia,README.md,,,,
94,supercollider/supercollider,README.md,2013-07-01 17:01:42+02:00,[],"['Welcome to SuperCollider 3!', 'Usage', 'Building the Source Code', 'License']",[]
94,supercollider/supercollider,README.md,2018-07-28 10:09:18-07:00,"['[Code of Conduct](CODE_OF_CONDUCT.md)', '[Contributing Guide](CONTRIBUTING.md)', 'Good First Issues']",[],[]
94,supercollider/supercollider,README.md,2018-09-16 20:33:13-05:00,['Platform requirements'],[],[]
94,supercollider/supercollider,README.md,2018-09-16 20:33:13-05:00,['Platform requirements'],[],[]
94,supercollider/supercollider,README.md,2019-07-26 22:28:44-07:00,['[Contributing Guide](https://github.com/supercollider/supercollider/wiki)'],['[Contributing Guide](CONTRIBUTING.md)'],[]
94,supercollider/supercollider,README.md,2019-11-05 22:29:48-06:00,['Requests for Comment'],[],[]
94,supercollider/supercollider,README.md,2020-05-03 20:55:21-05:00,['Platform support'],['Platform requirements'],[]
96,gamesbyangelina/danesh,README.md,2015-12-11 11:49:31+00:00,['Danesh'],[],[]
98,cylammarco/bhtomspec,README.md,2020-08-11 17:55:29+01:00,['bhtomspec'],[],[]
98,cylammarco/bhtomspec,README.md,2020-08-11 18:00:15+01:00,"['Black Hole TOM Spectroscopic Reduction', 'Dependencies', 'GMOS Longslit Reduction', 'SPRAT Longslit Reduction']",['bhtomspec'],[]
99,P-R-McWhirter/pyOsiris,README.md,2020-10-20 14:51:06+01:00,['pyOsiris'],[],[]
100,kecskemeti/dissect-cf,README.md,2015-01-20 15:16:20+01:00,"['Warning: the master branch of the simulator is intended as a development branch, and might not contain a functional version!']",[],[]
100,kecskemeti/dissect-cf,README.md,2015-04-18 22:58:22+02:00,"['Overview', 'Compilation & Installation', 'Getting started', 'Remarks']",[],[]
100,kecskemeti/dissect-cf,README.md,2015-06-19 23:17:11+02:00,[],[],"['[Gabor Kecskemeti: DISSECT-CF: A simulator to foster energy-aware scheduling in infrastructure clouds. In Simulation Modelling Practice and Theory. 2015.](https://www.researchgate.net/publication/277297657_DISSECT-CF_a_simulator_to_foster_energy-aware_scheduling_in_infrastructure_clouds) DOI: [10.1016/j.simpat.2015.05.009](http://dx.doi.org/10.1016/j.simpat.2015.05.009)', '[Gabor Kecskemeti: DISSECT-CF: A simulator to foster energy-aware scheduling in infrastructure clouds. In Simulation Modelling Practice and Theory. 2015.](https://www.researchgate.net/publication/277297657_DISSECT-CF_a_simulator_to_foster_energy-aware_scheduling_in_infrastructure_clouds) DOI: [10.1016/j.simpat.2015.05.009](http://dx.doi.org/10.1016/j.simpat.2015.05.009)']"
100,kecskemeti/dissect-cf,README.md,2015-07-18 10:36:28+02:00,"['Minimum runtime dependencies', 'Hint:', 'Overview of the basic functionalities']",[],[]
101,morriscb/The-wiZZ,README.md,2016-02-14 17:33:00+01:00,['The-wiZZ'],[],[]
101,morriscb/The-wiZZ,README.md,2017-04-12 14:06:03-07:00,['the-wizz'],['The-wiZZ'],[]
102,sjoudaki/cfhtlens_revisited,README.md,2016-01-22 09:52:51+11:00,['cfhtlens_revisited'],[],[]
102,sjoudaki/cfhtlens_revisited,README.md,2016-01-22 09:53:43+11:00,['CFHTLenS Revisited'],['cfhtlens_revisited'],[]
104,ziqizhang/sti,README.md,2015-04-22 10:15:29+01:00,['sti'],[],[]
104,ziqizhang/sti,README.md,2016-03-15 15:21:23+00:00,['STI - please read!'],['sti'],[]
104,ziqizhang/sti,README.md,2016-04-05 21:58:17+01:00,"['Semantic Table Interpretation', 'DISCLAIMER', 'LICENCE', 'Quick Start']",['STI - please read!'],[]
104,ziqizhang/sti,README.md,2016-04-15 12:36:00+01:00,['ACKNOWLEDGEMENT'],[],[]
104,ziqizhang/sti,README.md,2017-11-01 11:59:35+00:00,[],['ACKNOWLEDGEMENT'],[]
104,ziqizhang/sti,README.md,2017-11-01 12:03:21+00:00,[],['DISCLAIMER'],[]
104,ziqizhang/sti,README.md,2018-04-07 11:44:58+01:00,"['CITING', 'DISCLAIMER']",[],[]
104,ziqizhang/sti,README.md,2018-04-07 16:56:01+01:00,['Why is it so slow?'],[],[]
104,ziqizhang/sti,README.md,2018-04-07 21:02:28+01:00,"['ANNOUNCEMENT', 'QUICK START', 'LICENCE', 'It is running too slow']","['LICENCE', 'Quick Start', 'Why is it so slow?']",[]
104,ziqizhang/sti,README.md,2018-04-07 21:05:03+01:00,['Running slow/HTTP X errors'],['It is running too slow'],[]
